g01,g02,g03,g04,g05,g06,g07,g08,g09,g10,g11,g12,g13,g14,g15,g16,g17,g18,g19,g20,g21,g22,g23,g24,g25,g26,g27,g28,g29,g30,g31,g32,g33,g34,g35,g36,g37,g38,g39,g40,g41,g42,g43,g44,g45,g46,g47,g48,g49,g50,g51,g52,g53,g54,g55,g56,g57,g58,g59,g60,g61,g62,g63,g64,g65,g66,g67,g68,g69,g70,g71,g72,g73,g74,g75,g76,g77,g78,g79,g80,g81,g82,g83,g84,g85,g86,g87,g88,g89,g90,g91,g92,g93,g94,g95,g96,g97,g98,g99,g100,g101,g102,g103,g104,g105,g106,g107,g108,g109,g110,g111,g112,g113,g114,g115,g116,g117,g118,g119,g120,g121,g122,g123,g124,g125,g126,g127,g128,g129,g130,g131,g132,g133,g134,g135,g136,g137,g138,g139,g140,g141,g142,g143,g144,g145,g146,g147,g148,g149,g150,g151,g152,g153,g154,g155,g156,g157,g158,g159,g160,g161,g162,g163,g164,g165,g166,g167,g168,g169,g170,g171,g172,g173,g174,g175,g176,g177,g178,g179,g180,g181,g182,g183,g184,g185,g186,g187,g188,g189,g190,g191,g192,g193,g194,g195,g196,g197,g198,g199,g200,g201,g202,g203,g204,g205,g206,g207,g208,g209,g210,g211,g212,g213,g214,g215,g216,g217,g218,g219,g220,g221,g222,g223,g224,g225,g226,g227,g228,g229,g230,g231,g232,g233,g234,g235,g236,g237,g238,g239,g240,g241,g242,g243,g244,g245,g246,g247,g248,g249,g250,g251,g252,g253,g254,g255,g256,g257,g258,g259,g260,g261,g262,g263,g264,g265,g266,g267,g268,g269,g270,g271,g272,g273,g274,g275,g276,g277,g278,g279,g280,g281,g282,g283,g284,g285,g286,g287,g288,g289,g290,g291,g292,g293,g294,g295,g296,g297,g298,g299,g300,g301,g302,g303,g304,g305,g306,g307,g308,g309,g310,g311,g312,g313,g314,g315,g316,g317,g318,g319,g320,g321,g322,g323,g324,g325,g326,g327,g328,g329,g330,g331,g332,g333,g334,g335,g336,g337,g338,g339,g340,g341,g342,g343,g344,g345,g346,g347,g348,g349,g350,g351,g352,g353,g354,g355,g356,g357,g358,g359,g360,g361,g362,g363,g364,g365,g366,g367,g368,g369,g370,g371,g372,g373,g374,g375,g376,g377,g378,g379,g380,g381,g382,g383,g384,g385,g386,g387,g388,g389,g390,g391,g392,g393,g394,g395,g396,g397,g398,g399,g400,g401,g402,g403,g404,g405,g406,g407,g408,g409,g410,g411,g412,g413,g414,g415,g416,g417,g418,g419,g420,g421,g422,g423,g424,g425,g426,g427,g428,g429,g430,g431,g432,g433,g434,g435,g436,g437,g438,g439,g440,g441,g442,g443,g444,g445,g446,g447,g448,g449,g450,g451,g452,g453,g454,g455,g456,g457,g458,g459,g460,g461,g462,g463,g464,g465,g466,g467,g468,g469,g470,g471,g472,g473,g474,g475,g476,g477,g478,g479,g480,g481,g482,g483,g484,g485,g486,g487,g488,g489,g490,g491,g492,g493,g494,g495,g496,g497,g498,g499,g500,g501,g502,g503,g504,g505,g506,g507,g508,g509,g510,g511,g512,g513,g514,g515,g516,g517,g518,g519,g520,g521,g522,g523,g524,g525
-40.836,-41.92,-45.072,-45.041,-43.164,-43.387,-43.656,-42.231,-43.374,-45.962,-43.621,-42.893,-42.925,-51.903,-40.483,-42.512,-100,-43.025,-50.853,-41.908,-43.467,-40.931,-43.068,-41.244,-49.132,-43.588,-46.911,-50.447,-40.609,-42.417,-42.092,-41.056,-46.071,-43.31,-45.24,-46.096,-40.566,-43.859,-42.205,-43.573,-43.637,-45.578,-41.36,-43.088,-44.881,-42.517,-47.063,-43.599,-49.935,-40.849,-41.635,-41.977,-41.463,-44.656,-43.777,-46.123,-42.166,-100,-41.186,-43.37,-42.518,-43.685,-42.884,-42.912,-41.386,-42.875,-40.315,-45.436,-42.7,-44.359,-41.438,-40.296,-44.006,-49.549,-48.685,-42.511,-45.134,-42.162,-46.371,-42.116,-42.093,-47.708,-43.074,-49.039,-37,-40.096,-35.438,-40.348,-38.433,-40.286,-37.313,-36.008,-36.368,-40.303,-35.731,-37.678,-37.766,-41.758,-35.255,-35.498,-41.017,-35.311,-39.407,-37.508,-37.864,-42.301,-35.431,-40.356,-36.413,-36.85,-37.169,-41.429,-35.859,-36.714,-42.197,-36.549,-39.798,-37.576,-40.707,-36.368,-35.055,-35.927,-37.44,-38.244,-42.153,-38.187,-40.285,-36.542,-35.87,-40.65,-37.42,-41.317,-38.397,-35.516,-35.573,-37.375,-38.47,-40.998,-38.39,-38.774,-35.578,-38.011,-37.83,-37.461,-39.697,-38.861,-42.844,-36.028,-37.523,-35.348,-37.941,-37.292,-40.88,-43.446,-37.256,-38.056,-35.353,-38.818,-38.662,-41.404,-40.15,-36.316,-37.504,-42.63,-38.144,-37.244,-39.584,-43.993,-35.852,-38.371,-37.806,-35.571,-38.628,-38.044,-39.086,-35.625,-36.329,-37.769,-38.283,-41.923,-46.203,-39.114,-36.629,-38.258,-35.08,-36.457,-38.029,-38.366,-40.761,-36.352,-36.694,-39.151,-36.797,-41.736,-36.861,-44.001,-36.383,-34.746,-37.448,-42.144,-37.351,-39.087,-42.106,-37.485,-35.815,-38.727,-36.623,-40.469,-38.583,-40.493,-36.503,-35.938,-36.359,-40.887,-43.203,-40.292,-42.414,-40.747,-37.102,-37.126,-36.597,-38.685,-38.83,-41.379,-40.943,-40.05,-43.306,-45.04,-46.65,-36.73,-42.727,-37.599,-35.557,-42.265,-40.514,-38.864,-37.52,-43.864,-36.849,-36.471,-38.141,-36.79,-39.982,-39.732,-45.98,-35.699,-36.498,-37.323,-40.777,-37.875,-44.305,-44.205,-41.195,-37.374,-37.005,-36.724,-37.699,-39.168,-38.366,-35.919,-38.921,-37.35,-40.449,-37.461,-40.268,-37.948,-35.878,-35.113,-42.476,-41.525,-39.536,-100,-40.231,-37.582,-40.366,-36.478,-36.533,-100,-41.634,-43.078,-36.487,-36.146,-37.046,-41.988,-38.377,-39.616,-40.54,-41.732,-43.374,-41.095,-35.454,-37.927,-37.867,-41.175,-36.885,-36.866,-36.317,-39.291,-37.299,-42.26,-38.133,-36.375,-40.217,-36.307,-43.123,-36.89,-41.598,-38.935,-42.966,-37.211,-39.785,-37.143,-38.248,-39.008,-41.596,-37.068,-36.925,-36.588,-40.135,-38.235,-40.118,-42.628,-35.594,-37.095,-44.785,-36.406,-40.283,-38.04,-40.642,-42.142,-36.907,-37.168,-37.915,-41.003,-37.146,-40.796,-36.228,-35.77,-39.318,-38.158,-37.578,-37.367,-41.305,-36.681,-39.833,-36.847,-37.723,-38.24,-38.942,-39.925,-36.315,-38.198,-36.269,-37.114,-40.246,-42.161,-44.381,-37.491,-41.696,-38.069,-40.729,-38.078,-41.95,-39.118,-36.562,-42.401,-38.633,-37.676,-40.104,-37.791,-39.76,-35.663,-41.074,-34.731,-44.992,-37.76,-37.004,-37.997,-38.627,-39.496,-37.892,-37.475,-39.106,-39.357,-40.317,-38.603,-35.099,-38.774,-38.027,-41.766,-39.182,-39.415,-36.425,-37.103,-41.388,-36.672,-40.656,-38.67,-44.388,-42.522,-37.097,-38.343,-41.155,-39.249,-39.13,-41.918,-35.731,-40.121,-37.388,-40.741,-42.001,-37.642,-40.522,-37.009,-35.888,-43.089,-37.987,-38.508,-38.74,-42.02,-37.204,-36.312,-39.774,-38.789,-40.236,-40.549,-39.958,-36.744,-40.838,-37.362,-38.627,-38.482,-38.193,-39.078,-38.118,-43.194,-37.47,-38.318,-40.782,-40.241,-40.027,-35.807,-36.124,-40.785,-38.16,-37.53,-44.89,-44.572,-37.79,-41.782,-37.47,-38.949,-41.471,-37.805,-40.473,-37.279,-37.834,-40.311,-42.473,-38.971,-41.158,-45.619,-37.736,-42.249,-36.958,-40.163,-39.777,-37.659,-37.561,-38.591,-38.572,-37.302,-43.094,-40.969,-40.936,-39.375,-35.894,-38.675,-37.249,-39.17,-41.044,-38.098,-42.268,-37.783,-39.078,-42.667,-37.079,-39.547,-41.818,-38.095,-36.863,-38.9,-37.82,-40.765,-39.405,-38.459,-38.52,-38.826,-43.242,-36.793,-37.125,-41.407,-36.329,-38.967,-38.598,-38.159,-36.478,-42.949,-41.869,-38.572,-39.596,-35.071,-36.293,-37.131,-38.423,-39.779,-37.067,-41.824,-36.99,-36.744,-38.137,-39.615,-37.148,-44.482,-39.137
-32.623,-35.053,-33.598,-38.645,-36.18,-37.094,-38.172,-41.349,-41.694,-33.962,-35.291,-42.766,-40.778,-38.014,-41.724,-44.065,-42.34,-44.005,-49.625,-42.247,-47.308,-49.885,-50.592,-41.36,-43.07,-42.428,-43.177,-45.249,-40.92,-42.24,-43.248,-44.418,-43.139,-46.434,-46.737,-32.811,-38.18,-34.371,-41.17,-36.906,-39.895,-37.283,-42.509,-42.801,-39.565,-34.544,-35.659,-35.884,-37.703,-41.556,-41.273,-42.565,-43.261,-42.353,-42.327,-45.541,-42.81,-100,-42.327,-47.985,-42.265,-43.253,-100,-41.684,-42.003,-42.708,-43.834,-44.159,-45.028,-44.866,-32.792,-34.991,-34.408,-37.881,-35.928,-36.518,-39.524,-41.428,-40.867,-44.232,-34.317,-34.992,-36.204,-40.463,-41.531,-40.927,-46.17,-43.917,-43.433,-42.928,-44.788,-42.642,-45.085,-43.276,-46.702,-41.568,-42.594,-47.864,-42.117,-42.088,-43.857,-44.398,-45.286,-44.403,-45.935,-39.072,-34.538,-34.966,-34.229,-35.725,-37.257,-38.384,-41.509,-43.465,-39.929,-34.539,-35.685,-36.425,-38.648,-42.02,-41.717,-44.373,-36.77,-35.896,-37.195,-39.42,-43.166,-41.549,-41.9,-43.154,-41.178,-34.004,-37.934,-42.135,-42.661,-43.592,-44.498,-48.971,-50.039,-45.592,-41.246,-34.625,-34.628,-35.338,-42.857,-36.667,-38.953,-41.493,-40.948,-38.95,-34.455,-35.864,-35.53,-40.09,-43.094,-41.153,-45.979,-42.627,-52.013,-34.719,-35.331,-44.841,-44.204,-43.711,-45.679,-43.802,-43.548,-49.009,-43.615,-44.304,-44.886,-46.313,-46.451,-46.795,-47.201,-34.434,-35.887,-35.212,-36.203,-35.89,-36.381,-40.611,-49.136,-43.459,-35.576,-34.665,-38.834,-35.216,-37.819,-33.835,-42.358,-50.109,-35.868,-37.952,-37.255,-34.869,-48.64,-44.327,-100,-46.644,-46.139,-38.263,-43.919,-48.288,-45.374,-45.121,-45.326,-47.067,-47.429,-52.945,-35.794,-36.751,-37.947,-41.676,-36.117,-39.179,-38.928,-43.609,-47.105,-35.901,-36.87,-36.029,-37.769,-37.949,-43.205,-44.444,-47.141,-44.766,-51.546,-39.155,-37.442,-47.012,-49.668,-44.453,-48.804,-49.976,-43.969,-41.145,-44.351,-45.022,-45.087,-49.914,-47.303,-49.393,-49.305,-34.313,-36.375,-35.964,-36.845,-37.088,-35.746,-39.395,-43.469,-44.797,-40.531,-34.236,-38.015,-36.297,-39.084,-52.147,-46.966,-50.637,-41.873,-53.007,-37.107,-37.343,-45.13,-43.163,-45.214,-47.81,-48.654,-48.674,-46.933,-44.924,-50.904,-46.002,-48.493,-46.997,-46.624,-50.216,-36.381,-41.001,-38.176,-42.142,-37.729,-36.992,-39.311,-44.371,-45.094,-48.497,-35.026,-40.85,-40.465,-35.74,-52.635,-45.452,-52.495,-43.867,-48.229,-47.903,-37.319,-45.593,-44.254,-44.95,-49.539,-48.842,-45.057,-47.884,-48.426,-46.575,-48.262,-46.925,-54.539,-47.687,-50.834,-44.124,-36.11,-39.443,-40.38,-36.92,-38.672,-40.086,-46.056,-47.186,-45.881,-38.056,-37.89,-40.9,-38.601,-47.71,-49.624,-52.014,-45.877,-46.815,-49.133,-43.084,-46.3,-45.168,-45.242,-46.803,-50.004,-45.661,-47.394,-46.865,-52.673,-46.372,-46.368,-50.134,-46.884,-48.521,-45.394,-36.804,-36.912,-38.845,-35.467,-36.724,-37.873,-45.64,-49.331,-49.069,-45.561,-37.834,-35.415,-37.112,-46.885,-46.158,-46.019,-46.475,-52.282,-46.87,-45.681,-46.779,-50.409,-49.027,-51.371,-49.191,-100,-48.713,-46.432,-46.972,-45.791,-46.486,-53.072,-46.564,-49.982,-47.824,-40.419,-36.744,-36.149,-35.813,-36.69,-39.324,-46.3,-50.27,-47.95,-51.982,-49.826,-49.64,-46.425,-53.299,-47.822,-49.418,-46.982,-48.344,-50.211,-46.593,-51.967,-52.183,-45.956,-49.867,-50.651,-47.892,-50.901,-47.901,-54.273,-50.729,-46.753,-52.822,-49.563,-49.102,-54.444,-44.602,-36.938,-36.269,-37.485,-39.51,-37.629,-48.22,-47.638,-48.297,-48.961,-47.99,-48.487,-50.837,-48.617,-50.809,-48.157,-46.999,-48.777,-51.669,-47.057,-50.804,-47.179,-46.713,-50.507,-47.94,-49.181,-50.583,-52.603,-48.792,-48.339,-47.866,-54.475,-47.86,-49.165,-51.696,-49.696,-48.808,-45.467,-46.117,-46.057,-47.032,-49.852,-52.88,-48.648,-47.841,-49.09,-52.751,-48.53,-49.233,-48.39,-46.299,-47.489,-55.108,-48.688,-49.873,-47.22,-48.34,-46.417,-47.31,-48.481,-51.802,-48.421,-48.544,-47.411,-47.761,-47.233,-49.749,-47.46,-50.615,-49.956,-47.769,-45.168,-48.788,-49.212,-46.575,-46.789,-51.581,-53.177,-48.209,-49.806,-49.263,-51.92,-55.295,-54.21,-55.235,-47.392,-47.446,-51.536,-50.809,-49.197,-47.325,-47.074,-47.513,-50.868,-49.294,-49.836,-50.534,-49.452,-48.588,-48.073,-46.514,-49.291,-47.943,-48.291
-46.246,-49.897,-52.469,-50.068,-52.247,-50.489,-54.189,-54.669,-54.392,-46.583,-47.815,-51.734,-50.411,-54.865,-52.527,-51.056,-51.706,-48.464,-48.023,-50.783,-52.13,-48.033,-48.139,-52.043,-48.78,-48.697,-52.205,-53.4,-49.777,-48.143,-48.874,-50.245,-51.255,-52.861,-53.06,-45.247,-45.741,-49.168,-50.163,-51.612,-48.71,-51.868,-47.554,-45.616,-44.643,-45.245,-48.783,-49.854,-51.879,-45.25,-45.487,-48.241,-48.655,-48.039,-50.539,-50.58,-49.66,-47.538,-46.497,-47.195,-47.72,-49.002,-51.605,-47.501,-47.413,-48.094,-49.891,-48.947,-50.351,-100,-44.244,-45.462,-49.774,-49.684,-50.993,-48.06,-53.218,-47.854,-48.133,-47.242,-45.795,-48.532,-50.472,-52.477,-44.1,-45.107,-47.582,-48.871,-47.544,-49.047,-51.028,-45.843,-48.728,-46.327,-48.015,-47.986,-49.218,-52.081,-47.115,-47.029,-46.88,-49.875,-50.65,-51.217,-52.623,-43.412,-44.731,-47.134,-49.853,-49.114,-47.899,-100,-46.815,-52.274,-44.458,-44.718,-48.951,-50.316,-51.704,-44.082,-46.027,-48.725,-47.873,-47.264,-50.425,-49.238,-47.478,-48.754,-47.203,-48.407,-47.118,-47.828,-54.049,-46.726,-46.917,-46.95,-50.785,-49.031,-52.41,-52.185,-43.876,-45.813,-47.457,-48.189,-49.636,-48.513,-51.466,-47.043,-45.273,-44.616,-44.092,-49.103,-100,-51.371,-43.901,-46.279,-51.028,-47.713,-48.132,-49.468,-51.339,-48.222,-50.26,-47.579,-48.736,-48.102,-48.245,-53.5,-49.153,-48.235,-48.036,-51.351,-48.974,-50.674,-53.488,-44.742,-45.222,-48.613,-47.189,-51.206,-49.137,-49.729,-46.508,-45.86,-44.224,-44.232,-48.179,-52.228,-51.215,-45.63,-51.591,-47.477,-50.5,-49.947,-49.305,-49.184,-54.157,-47.765,-46.932,-48.762,-49.622,-49.732,-53.911,-48.453,-47.282,-48.82,-52.242,-49.893,-51.009,-54.241,-44.799,-45.823,-46.852,-47.312,-48.912,-49.776,-52.306,-46.697,-49.987,-44.946,-44.153,-48.903,-48.36,-50.807,-37.716,-43.53,-43.892,-48.62,-45.752,-49.288,-46.973,-48.067,-51.239,-46.041,-49.002,-51.853,-50.579,-51.518,-49.392,-48.03,-48.385,-49.678,-50.427,-50.233,-52.945,-44.218,-44.36,-45.886,-49.873,-47.454,-47.604,-49.224,-46.581,-54.018,-47.063,-43.218,-47.71,-46.791,-50.439,-45.364,-47.684,-47.734,-48.673,-47.705,-48.103,-50.416,-53.295,-48.817,-46.988,-51.057,-48.933,-48.213,-51.39,-48.957,-47.8,-47.706,-48.955,-49.971,-49.331,-51.479,-47.171,-42.033,-44.508,-46.73,-45.769,-46.407,-46.764,-47.341,-49.529,-46.488,-43.252,-49.679,-47.023,-48.959,-46.534,-47.851,-48.887,-48.586,-48.784,-49.407,-49.831,-54.395,-51.713,-47.475,-49.338,-48.608,-51.88,-51.741,-53.185,-46.695,-47.977,-51.643,-50.072,-49.168,-54.953,-46.795,-44.987,-48.794,-48.988,-46.876,-47.921,-48.127,-48.131,-49.623,-44.023,-45.219,-51.68,-50.403,-50.168,-47.837,-48.075,-50.87,-47.516,-50.701,-49.614,-49.774,-48.606,-49.657,-47.659,-49.523,-49.818,-51.218,-53.102,-47.95,-53.281,-49.265,-50.624,-51.042,-50.368,-52.115,-46.037,-45.4,-48.527,-45.51,-47.255,-49.479,-50.612,-46.539,-49.572,-45.166,-46.046,-49.628,-48.389,-54.023,-47.155,-48.986,-47.907,-48.84,-49.587,-48.788,-49.464,-46.723,-52.984,-47.263,-48.401,-50.275,-49.478,-53.815,-49.832,-54.753,-49.709,-50.483,-53.285,-49.728,-51.003,-46.341,-45.629,-48.143,-46.573,-49.357,-48.405,-52.812,-47.946,-49.112,-46.276,-47.115,-50.174,-47.881,-50.984,-47.927,-50.629,-49.179,-49.813,-49.241,-51.714,-53.426,-46.882,-51.402,-50.822,-48.754,-50.817,-49.225,-55.524,-49.923,-50.028,-51.324,-50.018,-50.126,-49.96,-50.756,-51.273,-53.638,-47.817,-46.723,-48.671,-49.684,-53.445,-49.33,-49.391,-48.716,-48.131,-50.438,-49.46,-53.057,-48.76,-50.705,-49.434,-50.186,-49.913,-49.806,-51.066,-47.209,-48.945,-48.256,-49.71,-50.093,-50.607,-53.592,-49.669,-48.23,-49.313,-53.717,-52.433,-50.317,-52.179,-48.019,-50.537,-48.396,-46.965,-48.26,-51.212,-50.967,-49.735,-52.289,-48.953,-47.928,-50.426,-48.817,-52.432,-49.492,-52.059,-55.09,-52.858,-50.171,-51.089,-51.303,-48.019,-49.621,-48.063,-51.606,-50.758,-49.681,-53.002,-51.749,-48.245,-49.745,-51.226,-52.697,-48.948,-51.593,-52.265,-48.473,-50.099,-47.268,-48.563,-50.423,-52.083,-50.651,-49.702,-56.465,-49.162,-51.876,-52.69,-55.111,-47.387,-45.937,-48.888,-46.897,-49.11,-49.024,-50.194,-47.708,-47.154,-47.488,-49.206,-100,-49.478,-51.44,-53.506,-47.041,-48.878,-49.309,-50.626,-48.606,-49.474
-46.441,-46.186,-49.071,-46.637,-50.58,-51.953,-51.981,-46.769,-41,-44.918,-49.325,-48.663,-48.768,-100,-44.421,-47.974,-47.68,-47.767,-50.401,-50.763,-50.428,-44.868,-47.716,-48.448,-50.473,-55.5,-51.401,-52.632,-46.449,-47.103,-50.563,-49.223,-52.089,-52.962,-54.609,-46.311,-49.739,-52.797,-46.675,-56.128,-49.873,-51.058,-45.399,-45.252,-44.162,-48.077,-47.991,-51.322,-53.428,-44.102,-46.379,-47.006,-46.628,-50.464,-54.885,-49.702,-45.305,-46.783,-48.003,-50.306,-55.112,-51.25,-52.723,-44.456,-46.923,-47.789,-48.891,-51.312,-49.705,-53.507,-45.221,-49.137,-48.722,-46.35,-52.765,-49.222,-50.921,-45.356,-46.59,-44.523,-47.853,-48.29,-49.767,-52.198,-45.029,-45.566,-48.232,-46.81,-48.819,-52.053,-50.907,-46.56,-46.819,-50.885,-49.378,-52.839,-50.807,-53.314,-45.238,-47.41,-47.823,-47.526,-50.85,-51.578,-52.225,-46.489,-45.518,-48.692,-45.658,-49.504,-50.572,-51.3,-45.05,-45.656,-43.73,-46.504,-48.022,-49.848,-51.204,-45.035,-45.157,-47.908,-47.27,-52.032,-51.356,-49.915,-46.516,-46.008,-49.544,-48.705,-50.725,-49.508,-50.475,-45.652,-48.189,-47.696,-47.492,-49.414,-53.866,-51.788,-45.633,-46.484,-48.64,-45.265,-51.793,-49.284,-51.01,-46.29,-45.339,-42.927,-45.426,-47.539,-51.972,-52.143,-44.787,-45.321,-47.435,-47.718,-50.702,-51.032,-50.959,-46.971,-46.897,-48.182,-48.905,-53.022,-49.003,-49.806,-46.14,-46.573,-47.571,-48.092,-50.061,-52.232,-50.6,-45.579,-46.405,-49.013,-44.691,-48.724,-48.585,-49.744,-45.439,-45.477,-43.078,-45.467,-48.748,-48.712,-53.553,-44.879,-44.829,-48.465,-47.434,-48.5,-50.05,-49.994,-46.052,-45.42,-47.509,-48.872,-52.661,-52.67,-50.492,-45.145,-46.145,-47.902,-49.929,-48.66,-51.336,-50.983,-45.945,-46.279,-48.797,-44.237,-46.631,-49.439,-51.106,-45.458,-45.071,-44.287,-46.079,-46.4,-52.036,-54.272,-45.253,-44.409,-47.427,-46.358,-47.088,-51.484,-49.927,-46.103,-47.089,-46.836,-51.474,-50.027,-48.673,-52.795,-44.464,-46.202,-45.624,-51.941,-50.286,-51.822,-51.405,-46.803,-44.836,-47.16,-43.175,-45.349,-48.823,-49.945,-47.351,-45.979,-45.785,-46.213,-48.903,-49.917,-54.327,-45.885,-44.473,-47.109,-46.171,-47.322,-49.256,-50.948,-45.957,-44.638,-46.578,-100,-50.16,-47.892,-49.042,-44.288,-46.275,-45.662,-47.582,-51.456,-51.608,-51.073,-46.42,-45.047,-45.904,-43.044,-44.886,-49.273,-47.574,-47.217,-47.192,-45.473,-47.512,-48.466,-49.714,-55.994,-45.818,-44.981,-46.347,-46.628,-47.307,-48.267,-50.776,-46.03,-45.185,-47.8,-47.843,-51.024,-47.884,-48.56,-44.444,-46.196,-45.754,-48.032,-49.595,-51.485,-51.668,-46.172,-45.951,-45.267,-43.343,-45.198,-48.226,-48.988,-48.154,-47.421,-44.676,-44.904,-49.044,-50.323,-50.763,-44.601,-44.957,-46.096,-46.681,-46.65,-48.611,-50.756,-47.912,-44.56,-46.807,-47.847,-51.836,-53.419,-48.975,-44.59,-45.84,-45.613,-49.191,-47.339,-50.828,-51.431,-45.606,-47.631,-46.162,-43.714,-45.232,-51.55,-49.082,-45.599,-46.642,-45.048,-44.972,-47.273,-51.109,-50.892,-46.181,-44.883,-46.636,-53.937,-45.685,-48.03,-51.002,-46.428,-45.22,-46.283,-48.789,-48.249,-50.94,-48.84,-45.587,-46.075,-45.42,-47.571,-46.778,-49.432,-53.733,-46.149,-49.897,-47.456,-44.596,-45.062,-49.696,-50.673,-45.682,-47.631,-45.735,-45.646,-47.895,-50.987,-51.81,-46.676,-45.639,-46.306,-48.103,-45.548,-47.351,-100,-46.602,-45.807,-45.164,-47.749,-47.304,-49.389,-49.199,-45.685,-47.131,-46.161,-47.455,-47.278,-48.883,-52.512,-47,-48.154,-47.898,-45.163,-45.443,-50.399,-48.386,-45.637,-46.814,-46.651,-46.299,-48.257,-51.232,-51.418,-47.103,-46.952,-50.425,-48.066,-45.893,-47.165,-49.373,-48.912,-46.101,-45.565,-48.268,-48.513,-51.941,-48.672,-45.203,-47.468,-45.489,-48.514,-47.66,-48.779,-52.916,-47.388,-48.452,-47.575,-45.521,-46.83,-49.202,-51.454,-45.667,-46.755,-47.188,-45.037,-50.049,-49.162,-50.751,-47.502,-46.325,-45.59,-46.953,-46.128,-46.057,-49.04,-45.886,-45.634,-44.869,-48.025,-48.231,-48.798,-49.04,-44.99,-49.109,-100,-46.411,-100,-50.474,-51.321,-48.11,-48.837,-47.486,-51.109,-45.191,-49.139,-50.188,-46.466,-47.208,-47.028,-45.442,-49.475,-52.204,-48.697,-47.593,-46.594,-47.261,-46.316,-46.769,-45.894,-50.204,-44.675,-45.816,-45.222,-48.033,-47.75,-49.495,-49.268,-45.446,-49.575,-45.633,-46.062,-52.318,-50.934,-52.774
-55.46,-53.311,-55.607,-55.653,-54.637,-53.085,-55.439,-53.202,-50.747,-53.314,-53.989,-54.897,-56.962,-56.45,-51.82,-55.653,-53.978,-51.953,-56.377,-57.654,-56.776,-50.38,-53.493,-55.185,-54.28,-54.123,-58.954,-56.901,-49.284,-50.485,-51.367,-52.915,-53.774,-55.898,-59.87,-54.437,-53.087,-55.734,-57.441,-55.657,-55.089,-55.354,-54.125,-52.284,-56.393,-56.968,-56.485,-55.423,-57.203,-52.291,-53.332,-52.853,-49.936,-54.896,-55.828,-57.148,-52.065,-52.687,-53.833,-53.023,-53.507,-57.058,-57.372,-49.507,-49.837,-51.424,-53.171,-54.256,-55.301,-56.553,-56.455,-53.479,-54.982,-58.49,-55.469,-54.364,-55.251,-54.079,-51.662,-52.932,-54.43,-57.312,-58.7,-57.596,-53.186,-55.604,-53.182,-51.997,-56.331,-55.378,-54.39,-51.936,-54.194,-52.91,-56.62,-55.516,-55.808,-58.802,-49.608,-49.931,-55.449,-51.899,-54.933,-54.305,-59.035,-57.052,-55.14,-58.495,-60.407,-57.447,-56.385,-56.751,-55.345,-53.161,-52.834,-54.828,-53.739,-59.925,-55.858,-52.138,-54.847,-54.056,-52.313,-56.208,-56.629,-58.673,-51.449,-54.564,-53.902,-56.489,-55.875,-57.946,-57.412,-49.027,-51.647,-52.664,-51.628,-57.719,-54.07,-59.46,-57.097,-54.955,-55.05,-57.466,-56.938,-54.131,-56.651,-53.752,-53.589,-52.811,-55.4,-54.409,-56.73,-54.889,-51.837,-54.072,-54.879,-53.908,-55.296,-55.668,-56.903,-52.684,-52.786,-52.481,-55.004,-53.214,-56.713,-54.963,-49.918,-50.424,-52.725,-52.556,-54.591,-53.941,-58.084,-55.035,-56.074,-54.123,-55.849,-57.752,-56.836,-58.339,-52.466,-50.762,-51.088,-53.028,-55.321,-56.281,-54.674,-51.942,-52.494,-54.197,-52.812,-57.065,-54.378,-57.045,-50.673,-53.215,-52.293,-54.457,-52.11,-57.264,-54.275,-51.407,-49.601,-54.648,-52.681,-51.993,-53.302,-56.772,-54.241,-57.971,-54.164,-54.852,-55.334,-59.427,-58.625,-53.787,-50.709,-50.596,-52.85,-53.317,-54.977,-56.955,-51.89,-51.52,-53.27,-53.786,-53.954,-53.629,-58.029,-55.714,-51.917,-52.575,-54.353,-52.39,-55.855,-53.777,-48.717,-48.917,-52.141,-51.396,-52.268,-53.94,-54.503,-52.431,-57.394,-53.781,-55.083,-55.14,-58.246,-60.274,-50.565,-53.362,-51.483,-54.326,-53.359,-54.529,-58.029,-53.205,-50.9,-57.228,-52.158,-54.917,-55.678,-56.612,-51.091,-52.217,-52.868,-54.669,-52.905,-56.655,-55.53,-48.571,-48.47,-51.745,-51.371,-100,-52.395,-56.207,-51.448,-55.33,-53.014,-53.907,-56.724,-57.018,-56.109,-50.444,-50.788,-50.596,-53.397,-52.136,-53.959,-57.735,-51.957,-51.476,-54.35,-52.552,-52.149,-57.581,-54.194,-51.47,-50.955,-52.31,-52.428,-52.611,-54.942,-55.114,-48.471,-47.72,-50.312,-52.017,-52.165,-53.368,-53.614,-50.402,-53.625,-54.345,-54.434,-56.969,-57.15,-53.728,-49.665,-51.419,-52.759,-53.483,-52.308,-53.147,-54.742,-52.239,-50.461,-53.36,-52.194,-54.386,-57.611,-56.006,-50.203,-52.664,-51.313,-51.696,-51.369,-53.548,-52.209,-50.114,-47.96,-50.733,-57.245,-51.926,-53.028,-52.477,-49.638,-51.827,-54.583,-54.06,-55.729,-56.583,-55.519,-52.158,-50.221,-100,-54.328,-52.839,-53.092,-55.538,-52.448,-50.402,-54.278,-55.646,-54.47,-54.914,-56.454,-50.804,-50.457,-50.525,-51.423,-52.411,-53.762,-51.451,-47.39,-48.303,-50.846,-50.662,-50.564,-53.816,-52.129,-49.593,-53.317,-52.351,-52.473,-55.998,-55.308,-56.244,-51.175,-50.094,-50.793,-53.561,-51.068,-53.173,-55.037,-54.159,-50.665,-54.302,-100,-53.424,-53.686,-54.981,-52.74,-52.658,-49.814,-52.095,-51.317,-54.62,-52.876,-47.761,-47.462,-50.284,-50.749,-50.485,-55.646,-51.983,-51.115,-50.398,-52.869,-52.414,-54.211,-54.145,-55.314,-51.491,-50.91,-51.854,-56.651,-52.006,-52.775,-55.798,-53.397,-52.611,-55.773,-52.603,-55.499,-53.192,-57.714,-50.362,-52.106,-49.639,-53.088,-53.523,-52.225,-56.133,-48.574,-48.015,-49.284,-53.224,-50.085,-54.51,-54.023,-51.086,-51.063,-52.083,-53.098,-54.853,-55.561,-54.886,-55.063,-53.398,-53.768,-54.627,-54.495,-52.726,-54.58,-53.614,-54.542,-54.658,-54.42,-51.439,-52.02,-54.593,-50.892,-52.784,-50.374,-51.18,-52.536,-52.124,-56.464,-49.562,-48.905,-48.931,-53.814,-53.399,-52.598,-53.445,-52.17,-50.564,-52.865,-52.138,-53.663,-56.01,-58.15,-54.379,-52.288,-55.422,-52.33,-53.345,-54.066,-53.783,-52.218,-54.27,-55.274,-51.596,-53.609,-50.426,-56.223,-48.177,-50.548,-50.536,-50.953,-51.249,-55.005,-57.353,-49.768,-48.024,-48.459,-52.73,-51.433,-52.242,-53.61
-49.046,-54.662,-56.03,-57.037,-56.283,-54.038,-49.241,-56.823,-46.323,-54.169,-53.01,-58.855,-56.399,-58.724,-51.612,-54.847,-54.678,-58.984,-55.563,-58.113,-57.851,-51.629,-54.476,-53.546,-58.502,-55.975,-55.774,-55.348,-51.639,-51.25,-54.485,-53.517,-52.38,-55.631,-57.44,-56.445,-53.597,-58.064,-57.15,-55.809,-55.281,-54.759,-55.233,-54.905,-56.483,-53.899,-57.679,-55.055,-60.137,-52.184,-54.781,-54.148,-53.439,-56.631,-59.237,-57.136,-52.515,-56.943,-53.618,-55.586,-55.443,-56.739,-54.285,-52.849,-50.709,-52.524,-53.026,-55.363,-57.12,-54.246,-59.816,-54.111,-59.418,-57.702,-54.929,-53.894,-56.308,-55.953,-52.257,-54.681,-54.785,-58.204,-55.755,-57.544,-51.576,-55.393,-54.563,-57.692,-53.85,-57.784,-58.325,-54.249,-53.86,-53.898,-56.663,-57.213,-58.296,-59.078,-53.869,-50.232,-55.506,-51.976,-53.109,-54.263,-56.338,-60.712,-56.474,-56.59,-57.472,-56.649,-55.747,-59.025,-55.051,-55.213,-55.739,-53.492,-55.379,-57.38,-55.628,-51.407,-58.043,-54.347,-55.355,-56.069,-57.44,-55.748,-54.839,-53.32,-56.366,-56.232,-59.437,-57.1,-55.711,-54.715,-50.624,-53.927,-54.361,-53.243,-54.28,-55.569,-57.403,-59.53,-55.678,-53.62,-58.271,-53.729,-56.488,-55.098,-55.849,-56.212,-53.403,-56.077,-55.11,-54.162,-52.731,-53.746,-55.007,-56.688,-55.647,-54.918,-60.184,-52.524,-54.209,-53.751,-56.063,-55.311,-57.015,-56.723,-54.55,-50.305,-54.975,-52.763,-52.176,-55.127,-57.758,-56.063,-57.12,-56.491,-56.271,-55.667,-57.563,-57.741,-54.829,-53.485,-57.117,-53.528,-55.206,-55.899,-55.504,-51.787,-57.077,-54.838,-58.458,-56.243,-54.998,-57.127,-53.678,-57.525,-56.482,-53.355,-54.836,-56.604,-57.27,-52.612,-50.753,-54.226,-54.563,-51.923,-54.333,-59.535,-53.555,-58.328,-53.9,-56.561,-56.339,-58.069,-58.931,-59.688,-52.901,-55.504,-52.226,-54.054,-54.532,-55.696,-51.868,-53.624,-52.495,-55.596,-54.739,-55.246,-58.836,-55.873,-55.267,-54.765,-54.02,-55.872,-55.658,-57.439,-53.682,-50.578,-53.54,-53.525,-51.091,-53.463,-55.925,-52.016,-58.19,-53.231,-56.428,-55.145,-57.978,-58.359,-55.162,-53.513,-56.726,-53.849,-55.721,-54.588,-56.703,-51.097,-57.467,-53.04,-56.232,-55.772,-53.933,-61.498,-52.098,-56.853,-55.669,-55.728,-55.364,-57.985,-100,-53.052,-49.891,-55.134,-53.424,-51.55,-54.484,-100,-52.136,-54.721,-52.353,-55.574,-56.508,-56.803,-58.599,-55.228,-52.82,-55.391,-53.525,-56.341,-54.617,-55.245,-51.397,-55.232,-55.641,-55.516,-57.307,-55.442,-55.582,-55.46,-57.565,-57.915,-54.053,-55.83,-55.476,-57.702,-53.593,-49.326,-51.074,-54.268,-54.327,-54.785,-56.222,-51.178,-55.511,-52.161,-57.34,-100,-60.956,-55.887,-55.662,-51.509,-56.71,-55.963,-53.879,-55.649,-54.281,-49.685,-54.105,-56.328,-57.717,-56.902,-48.317,-58.344,-54.012,-56.981,-54.539,-53.72,-52.286,-47.161,-58.262,-100,-50.029,-52.592,-48.972,-53.381,-54.27,-55.446,-52.408,-54.217,-55.038,-56.965,-55.589,-58.411,-58.052,-52.939,-50.888,-54.861,-55.862,-53.483,-55.613,-54.159,-55.474,-52.962,-57.402,-57.061,-55.135,-56.601,-57.272,-55.6,-56.222,-56.759,-52.603,-54.831,-56.347,-55.961,-55.088,-50.079,-50.855,-57.653,-52.807,-53.88,-54.6,-52.129,-56.794,-53.418,-55.163,-55.14,-56.194,-59.071,-53.692,-51.837,-53.142,-56.2,-54.77,-56.807,-55.797,-59.761,-53.063,-55.917,-53.893,-56.598,-57.701,-59.87,-54.136,-54.689,-54.245,-55.631,-54.117,-54.18,-54.156,-58.207,-51.528,-52.635,-58.375,-51.392,-53.109,-57.002,-52.548,-55.896,-56.874,-54.659,-55.972,-54.705,-58.077,-55.74,-51.311,-54.069,-57.485,-57.436,-55.268,-56.642,-56.706,-55.74,-55.924,-56.954,-55.807,-56.94,-57.223,-56.475,-52.341,-53.649,-54.894,-55.364,-56.544,-57.103,-56.14,-52.434,-49.901,-56.412,-52.097,-54.996,-55.838,-53.315,-55.994,-55.771,-55.237,-55.902,-55.421,-100,-53.158,-52.384,-54.657,-56.559,-59.394,-55.34,-54.898,-57.567,-52.902,-58.609,-56.059,-57.612,-56.611,-55.435,-54.363,-54.226,-52.457,-55.393,-54.514,-55.001,-58.511,-57.159,-52.312,-49.62,-55.438,-53.411,-53.111,-57.375,-52.197,-54.09,-55.758,-55.068,-55.284,-57.095,-57.632,-54.171,-53.501,-58.442,-56.177,-55.652,-55.175,-53.637,-53.486,-57.025,-57.668,-53.65,-56.019,-54.553,-55.987,-53.945,-56.244,-53.419,-54.652,-57.338,-55.488,-57.77,-58.558,-52.39,-49.826,-55.368,-54.324,-53.263,-56.472
-55.196,-55.124,-54.499,-53.486,-57.277,-54.997,-54.968,-51.304,-54.655,-52.593,-53.533,-53.055,-55.425,-54.477,-51.13,-50.496,-49.806,-51.815,-51.946,-54.564,-58.955,-50.115,-49.537,-55.816,-55.291,-52.918,-57.972,-55.445,-47.97,-49.979,-54.227,-48.915,-51.151,-52.635,-56.077,-50.603,-53.882,-51.876,-58.694,-52.721,-57.247,-51.884,-51.227,-53.563,-52.457,-51.27,-55.529,-53.037,-56.646,-52.269,-54.392,-49.825,-52.15,-57.758,-52.572,-55.555,-50.551,-49.125,-54.99,-51.685,-56.359,-53.589,-55.331,-48.067,-49.132,-55.062,-48.746,-56.692,-53.014,-54.811,-51.701,-52.456,-56.39,-57.807,-54.102,-55.561,-54.98,-52.835,-55.86,-51.244,-52.567,-56.556,-55.489,-54.78,-54.133,-53.628,-48.942,-53.329,-50.824,-52.162,-54.32,-50.451,-53.182,-54.943,-55.09,-55.287,-57.251,-53.622,-48.477,-50.074,-52.518,-54.414,-55.348,-51.797,-57.198,-53.952,-53.533,-55.472,-55.692,-55.172,-58.387,-54.881,-52.848,-56.285,-54.318,-54.427,-54.168,-57.779,-54.447,-57.099,-49.741,-49.656,-51.605,-51.465,-56.135,-58.077,-50.956,-53.256,-50.715,-54.053,-52.295,-59.852,-53.905,-49.291,-49.693,-55.372,-53.697,-51.544,-53.215,-58.698,-54.062,-54.58,-54.767,-56.862,-54.655,-53.976,-58.648,-52.253,-55.112,-55.117,-54.079,-52.36,-55.662,-56.28,-52.66,-53.232,-50.218,-54.315,-52.728,-58.711,-56.464,-55.818,-48.752,-53.163,-100,-52.619,-53.733,-58.21,-50.118,-49.282,-53.776,-49.887,-54.431,-53.136,-55.448,-54.504,-58.869,-54.696,-61.298,-55.134,-58.025,-59.049,-55.605,-51.87,-54.408,-52.595,-55.383,-56.558,-54.868,-58.704,-54.511,-50.445,-54.743,-57.2,-53.574,-59.383,-51.996,-51.731,-53.315,-54.882,-53.277,-54.308,-54.244,-49.013,-47.7,-51.247,-49.572,-52.644,-56.793,-54.848,-57.098,-54.807,-54.865,-61.651,-55.419,-54.506,-59.9,-51.102,-54.875,-52.879,-54.218,-57.827,-52.897,-56.248,-51.149,-53.275,-50.917,-52.995,-54.406,-55.04,-55.51,-51.761,-52.391,-51.732,-51.118,-55.711,-56.553,-57.774,-52.549,-48.834,-51.516,-49.909,-51.759,-59.081,-58.025,-56.458,-56.17,-53.861,-58.141,-56.352,-57.07,-59.759,-52.445,-54.388,-54.632,-57.131,-55.82,-54.771,-55.493,-51.898,-55.093,-50.083,-54.188,-56.577,-58.109,-58.664,-50.668,-51.977,-54.344,-51.249,-56.862,-58.68,-53.672,-49.303,-49.268,-51.417,-50.473,-52.627,-60.501,-56.144,-59.414,-55.992,-53.811,-54.238,-57.641,-56.128,-56.571,-53.089,-54.158,-55.043,-53.821,-52.28,-54.957,-55.506,-53.369,-51.001,-51.736,-55.598,-54.652,-55.363,-57.355,-50.432,-50.562,-54.295,-52.478,-56.395,-54.336,-53.336,-50.866,-51.257,-55.225,-52.544,-53.476,-51.823,-100,-55.205,-58.241,-53.118,-55.95,-58.109,-59.202,-59.016,-51.52,-53.243,-56.993,-57.27,-57.992,-53.21,-57.811,-51.218,-52.374,-53.644,-54.02,-55.935,-100,-56.437,-54.9,-53.7,-50.566,-50.997,-55.414,-56.287,-60.285,-50.267,-52.713,-53.245,-51.689,-50.139,-58.649,-58.068,-54.949,-53.8,-56.561,-56.176,-60.653,-56.659,-58.077,-53.362,-53.389,-53.255,-57.571,-52.679,-57.232,-57.478,-51.502,-51.263,-50.637,-55.551,-52.68,-54.721,-54.169,-52.631,-53.492,-50.674,-51.027,-54.807,-53.832,-56.845,-50.523,-49.319,-53.732,-53.513,-49.405,-52.024,-54.902,-55.145,-54.965,-58.916,-53.946,-56.174,-60.236,-56.992,-52.679,-57.026,-57.36,-53.412,-55.696,-53.941,-55.588,-57.471,-50.962,-51.152,-52.392,-55.773,-53.407,-56.191,-55.648,-49.575,-52.407,-52.247,-54.027,-53.898,-52.698,-52.392,-50.421,-53.743,-51.794,-52.015,-51.99,-57.948,-53.33,-54.103,-55.116,-52.54,-55.629,-57.174,-55.896,-57.566,-52.998,-51.963,-54.552,-53.393,-54.797,-55.307,-52.714,-52.503,-51.625,-56.704,-51.126,-55.721,-53.587,-51.112,-50.271,-53.76,-50.524,-53.911,-52.387,-53.473,-53.218,-53.357,-51.296,-57.214,-50.042,-53.171,-53.51,-55.276,-53.928,-56.611,-52.573,-55.571,-58.971,-55.484,-53.598,-57.811,-51.602,-54.493,-56.637,-53.142,-54.583,-58.097,-52.194,-51.694,-51.535,-53.587,-54.433,-51.753,-51.068,-52.183,-53.561,-52.849,-52.432,-51.682,-56.641,-55.604,-49.921,-51.693,-52.578,-50.369,-52.553,-52.791,-52.885,-54.959,-56.655,-54.544,-54.878,-54.985,-56.014,-52.964,-55.866,-54.989,-55.935,-52.395,-54.779,-54.704,-54.657,-57.177,-51.256,-50.519,-56.116,-53.916,-54.837,-51.713,-52.027,-53.568,-49.485,-54.147,-53.072,-58.266,-51.197,-50.084,-53.601,-54.625,-49.655,-52.157,-57.513
-50.88,-53.868,-55.262,-51.763,-55.528,-55.417,-55.13,-53.31,-54.856,-56.076,-59.479,-51.814,-55.613,-56.312,-100,-50.131,-48.569,-48.833,-51.305,-50.705,-51.953,-52.232,-49.904,-49.87,-50.052,-51.81,-56.214,-100,-50.312,-49.285,-52.346,-51.206,-55.302,-49.785,-51.744,-51.099,-55.733,-57.674,-52.519,-51.392,-53.708,-52.391,-57.972,-55.043,-50.478,-50.498,-55.018,-57.356,-55.534,-56.811,-50.86,-50.958,-49.378,-51.73,-50.903,-51.836,-51.521,-56.178,-56.104,-49.517,-51.835,-54.749,-50.841,-50.698,-49.709,-52.003,-50.44,-54.85,-52.015,-53.549,-53.322,-58.818,-51.397,-53.911,-52.752,-54.176,-52.627,-51.145,-50.367,-54.49,-50.923,-54.496,-54.788,-57.6,-55.006,-57.552,-49.711,-54.561,-51.265,-56.458,-51.406,-51.475,-50.656,-52.825,-52.581,-56.736,-51.554,-53.542,-51.943,-56.665,-51.78,-55.15,-49.793,-56.623,-51.003,-51.365,-55.518,-54.399,-56.103,-50.589,-52.737,-53.356,-54.063,-52.614,-100,-54.875,-52.943,-52.257,-55.05,-54.511,-50.941,-48.767,-49.705,-50.127,-53.938,-51.451,-55.4,-49.488,-52.201,-49.511,-51.861,-56.524,-51.291,-50.508,-49.44,-55.311,-50.488,-55.375,-51.372,-53.993,-51.741,-51.967,-51.647,-55.012,-51.163,-52.724,-53.418,-57.018,-52.309,-52.2,-51.967,-54.098,-51.579,-52.834,-54.622,-50.608,-48.22,-51.47,-57.927,-50.902,-52.511,-51.772,-51.598,-52.826,-52.998,-54.574,-51.326,-52.502,-54.185,-49.466,-50.97,-51.394,-50.017,-57.049,-56.396,-54.955,-52.684,-53.987,-58.448,-51.115,-53.924,-52.748,-51.888,-52.434,-54.184,-50.485,-53.524,-54.891,-51.949,-57.401,-53.058,-48.574,-52.836,-50.793,-52.372,-55.968,-54.861,-52.231,-55.153,-50.215,-54.091,-54.575,-57.018,-51.564,-49.486,-49.974,-51.663,-50.064,-51.215,-56.136,-55.206,-52.616,-52.341,-56.385,-50.85,-53.878,-52.036,-51.39,-53.244,-50.55,-54.556,-51.374,-54.699,-51.738,-52.227,-50.95,-49.277,-52.988,-50.97,-52.6,-52.806,-54.038,-52.771,-50.686,-52.324,-50.543,-55.041,-52.374,-55.997,-49.243,-50.724,-51.833,-49.963,-52.562,-56.089,-53.195,-53.885,-52.379,-55.016,-51.383,-54.436,-100,-51.725,-51.478,-54.214,-53.94,-56.13,-50.704,-51.877,-54.278,-52.73,-51.477,-52.959,-54.88,-49.538,-52.697,-52.037,-51.82,-51.537,-55.159,-53.048,-51.637,-52.864,-54.725,-54.648,-51.908,-50.654,-50.587,-53.631,-52.48,-53.28,-53.848,-54.286,-55.234,-53.877,-57.652,-55.447,-56.504,-52.59,-53.379,-54.193,-51.037,-51.767,-55.432,-53.798,-52.444,-49.801,-52.813,-50.199,-52.029,-51.784,-100,-53.745,-54.183,-49.14,-51.797,-50.796,-52.037,-53.814,-54.741,-57.295,-53.558,-49.397,-100,-52.107,-52.63,-54.806,-50,-54.92,-52.054,-54.146,-54.154,-55.771,-53.794,-58.23,-56.393,-50.413,-50.2,-52.707,-53.682,-56.97,-49.67,-53.415,-50.563,-51.979,-52.801,-55.512,-53.77,-54.777,-49.835,-52.006,-52.164,-55.996,-51.555,-58.524,-51.916,-55.767,-51.317,-54.238,-58.992,-52.444,-55.496,-56.996,-51.948,-52.482,-56.96,-55.91,-53.522,-55.651,-53.208,-50.908,-56.214,-50.631,-55.175,-54.112,-57.6,-49.885,-51.015,-54.96,-51.945,-53.831,-50.221,-54.433,-51.584,-52.486,-51.351,-54.546,-51.732,-50.429,-52.2,-51.337,-52.044,-55.239,-51.832,-52.534,-52.024,-55.909,-53.015,-55.962,-52.129,-54.305,-53.783,-59.926,-52.915,-55.606,-52.358,-52.157,-51.479,-52.106,-55.768,-55.62,-50.018,-51.211,-56.357,-51.753,-56.127,-50.222,-53.488,-52.626,-50.729,-54.796,-55.542,-52.667,-53.609,-51.558,-53.486,-55.337,-51.287,-53.996,-51.033,-50.768,-53.162,-52.973,-54.246,-53.028,-54.153,-54.31,-53.678,-54.24,-53.621,-55.25,-51.702,-53.315,-51.848,-54.105,-55.998,-52.425,-55.577,-53.558,-56.917,-49.58,-52.925,-51.319,-51.283,-54.022,-49.908,-53.218,-58.179,-53.42,-50.732,-53.566,-51.986,-54.262,-52.463,-55.362,-55.699,-54.508,-53.983,-53.694,-52.274,-55.015,-55.935,-57.768,-54.511,-55.079,-52.834,-51.131,-50.131,-52.379,-53.844,-54.499,-50.659,-51.443,-52.455,-55.382,-53.605,-55.456,-50.954,-53.947,-49.914,-50.916,-52.724,-52.87,-56.122,-50.852,-53.418,-51.381,-56.41,-58.78,-52.104,-53.734,-53.059,-55.687,-52.451,-55.585,-51.195,-53.595,-58.46,-54.56,-51.591,-52.673,-54.5,-49.975,-52.278,-58.288,-50.968,-53.041,-51.834,-52.769,-53.718,-55.766,-53.814,-100,-55.274,-52.648,-49.941,-55.833,-53.058,-51.397,-53.676,-56.164,-51.202,-54.132,-55.136,-52.583
-50.306,-50.167,-51.26,-54.017,-48.477,-49.66,-52.814,-49.742,-49.17,-52.979,-49.581,-52.851,-49.87,-50.032,-47.777,-50.482,-48.646,-51.139,-51.901,-48.682,-49.679,-50.877,-52.616,-48.866,-53.896,-52.782,-50.084,-50.895,-50.941,-51.722,-47.56,-52.041,-56.532,-52.434,-49.381,-50.207,-52.933,-51.931,-50.976,-48.497,-51.077,-50.982,-51.427,-53.7,-49.35,-53.339,-50.303,-54.712,-50.793,-47.459,-50.313,-49.113,-51.492,-50.74,-49.546,-50.398,-50.882,-53.053,-49.976,-50.414,-53.762,-52.556,-49.079,-49.168,-50.573,-48.358,-50.489,-49.999,-51.137,-49.28,-52.914,-54.839,-50.521,-51.574,-50.282,-49.02,-52.391,-52.033,-49.847,-50.899,-49.961,-53.96,-50.484,-50.807,-46.941,-48.304,-53.138,-52.251,-52.631,-52.043,-50.131,-53.356,-48.475,-55.028,-52.806,-53.737,-49.566,-49.21,-52.284,-50.921,-49.138,-56.819,-50.529,-49.003,-49.164,-50.276,-50.75,-52.735,-52.916,-48.879,-49.724,-51.993,-50.545,-49.927,-48.861,-51.981,-50.338,-52.308,-52.33,-52.449,-48.078,-53.538,-56.241,-53.426,-51.551,-55.659,-52.078,-53.116,-49.081,-100,-49.733,-50.458,-54.804,-49.5,-54.21,-50.983,-53.231,-51.701,-54.121,-49.7,-50.127,-51.639,-53.518,-53.858,-49.927,-49.904,-50.9,-51.759,-52.308,-54.628,-49.747,-54.284,-52.691,-50.629,-47.365,-48.654,-55.68,-50.327,-53.332,-50.514,-53.614,-51.027,-52.949,-52.19,-49.776,-50.1,-56.637,-51.734,-54.04,-53.135,-49.841,-52.457,-50.481,-52.835,-49.385,-50.729,-52.107,-51.195,-54.767,-50.601,-50.294,-52.265,-51.112,-50.81,-51.721,-53.002,-56.488,-52.106,-52.666,-49.079,-49.503,-55.318,-50.161,-52.963,-52.375,-50.608,-50.829,-52.848,-51.998,-51.574,-52.478,-52.063,-52.498,-50.171,-56.075,-49.322,-56.225,-51.517,-53.572,-52.397,-52.339,-51.669,-56.08,-50.423,-50.934,-52.314,-52.584,-57.764,-49.935,-53.416,-53.372,-55.475,-51.193,-52.94,-54.234,-50.072,-53.227,-50.337,-50.28,-51.402,-50.958,-52.468,-50.916,-56.71,-52.711,-53.716,-55.474,-49.965,-53.66,-50.967,-50.977,-57.197,-52.106,-53.502,-50.811,-58.678,-50.718,-57.695,-51.687,-50.998,-54.175,-54.154,-51.313,-52.196,-56.801,-50.443,-53.791,-51.158,-54.963,-49.031,-51.2,-53.834,-51.187,-54.879,-53.554,-54.798,-52.178,-56.223,-51.27,-51.948,-51.807,-54.703,-51.551,-50.259,-53.503,-54.609,-51.868,-54.903,-51.192,-53.344,-57.225,-51.899,-53.579,-54.283,-51.479,-51.782,-54.9,-51.793,-53.422,-50.479,-51.571,-52.16,-55.143,-53.944,-48.665,-49.809,-53.11,-52.311,-52.174,-56.539,-54.743,-50.455,-52.332,-53.955,-50.275,-100,-52.179,-53.068,-53.683,-53.718,-52.524,-52.843,-56.287,-56.368,-54.609,-50.764,-56.085,-52.15,-54.177,-51.116,-52.465,-52.88,-50.746,-51.936,-56.813,-51.109,-54.637,-54.083,-51.572,-48.672,-50.034,-50.325,-50.186,-52.495,-52.716,-51.737,-52.812,-53.38,-55.532,-50.254,-51.114,-54.924,-57.658,-50.551,-52.314,-56.604,-54.2,-52.999,-53.527,-50.828,-53.753,-56.644,-53.199,-55.92,-51.748,-55.064,-51.574,-50.452,-52.669,-55.517,-52.432,-52.224,-54.132,-52.016,-48.651,-53.267,-52.708,-52.054,-57.649,-53.995,-51.11,-53.463,-51.642,-53.004,-51.593,-55.433,-51.51,-54.669,-50.699,-52.902,-51.616,-54.359,-50.985,-52.423,-56.42,-54.353,-55.005,-51.788,-53.462,-52.772,-54.74,-52.281,-51.776,-51.698,-52.818,-50.77,-51.831,-52.221,-55.569,-49.97,-50.883,-53.555,-54.69,-55.567,-52.632,-52.231,-53.763,-53.427,-55.446,-54.935,-52.131,-55.369,-51.559,-51.895,-55.421,-51.997,-54.535,-55.047,-51.528,-56.08,-55.474,-51.477,-56.617,-52.311,-53.465,-52.168,-52.12,-52.329,-51.536,-55.834,-52.275,-54.99,-55.575,-53.568,-54.537,-52.202,-53.841,-51.972,-52.534,-51.505,-55.337,-53.657,-53.11,-52.16,-53.316,-54.387,-54.523,-54.133,-51.88,-54.12,-56.149,-53.853,-54.555,-52.815,-55.712,-54.314,-53.96,-59.556,-52.338,-57.182,-53.09,-55.173,-51.977,-55.136,-51.5,-54.025,-52.566,-54.981,-53.863,-51.752,-53.349,-51.901,-54.282,-52.511,-52.349,-52.804,-100,-54.09,-54.201,-53.245,-52.675,-54.147,-54.368,-54.051,-56.478,-53.618,-52.712,-53.644,-55.122,-57.383,-53.647,-53.415,-53.925,-53.735,-55.164,-54.483,-54.282,-54.759,-52.114,-55.431,-52.701,-54.242,-55.325,-100,-57.249,-50.486,-55.475,-54.851,-53.675,-52.685,-55.52,-55.169,-53.38,-54.558,-53.707,-52.149,-58.086,-54.422,-55.614,-54.142,-54.628,-51.499,-55.389,-53.044,-54.758
-52.157,-53.784,-52.294,-53.594,-50.237,-55.727,-53.241,-49.458,-51.287,-52.425,-51.914,-51.612,-52.931,-51.593,-52.62,-48.986,-52.384,-51.227,-54.275,-50.955,-52.145,-47.478,-49.771,-50.597,-48.101,-51.633,-49.953,-54.619,-49.151,-51.395,-48.217,-53.125,-51.599,-53.783,-57.255,-54.902,-52.413,-52.667,-52.011,-52.059,-54.169,-54.649,-51.542,-50.787,-50.746,-50.465,-53.822,-49.886,-51.416,-54.064,-48.528,-53.083,-50.704,-53.818,-51.602,-54.001,-47.555,-48.338,-55.292,-48.115,-52.846,-50.621,-53.35,-100,-54.609,-48.039,-50.395,-51.495,-52.618,-54.101,-51.145,-54.642,-50.487,-54.658,-50.654,-58.158,-57.752,-59.879,-62.874,-56.332,-54.611,-57.348,-56.697,-59.551,-54.043,-56.864,-55.18,-55.718,-59.133,-56.692,-56.525,-58.171,-54.388,-56.815,-57.49,-56.361,-58.389,-60.134,-55.197,-56.214,-100,-57.803,-60.289,-59.375,-58.988,-56.992,-58.263,-55.123,-57.019,-55.4,-100,-57.756,-58.51,-59.118,-58.745,-52.938,-52.712,-59.675,-62.543,-55.469,-59.89,-58.498,-56.89,-67.202,-57.401,-56.753,-58.574,-56.909,-54.891,-57.244,-54.347,-66.132,-60.678,-54.024,-57.24,-48.596,-48.886,-50.946,-49.505,-50.859,-49.879,-48.906,-54.292,-53.218,-49.365,-51.875,-56.175,-48.486,-48.435,-50.023,-49.521,-50.232,-51.343,-55.045,-50.133,-47.836,-49.075,-52.738,-49.787,-51.252,-50.538,-48.829,-49.956,-51.955,-48.334,-49.867,-52.723,-53.151,-50.484,-53.442,-49.478,-50.204,-51.975,-55.926,-51.988,-50.916,-49.546,-51.996,-51.896,-50.651,-54.294,-54.115,-48.947,-49.092,-50.798,-49.957,-51.255,-51.499,-55.644,-51.701,-48.398,-49.64,-51.958,-52.039,-54.638,-50.199,-48.894,-47.227,-50.904,-49.112,-50.999,-51.29,-49.399,-56.697,-49.844,-51.945,-49.488,-53.902,-52.124,-50.725,-52.876,-49.582,-54.356,-49.87,-51.387,-53.72,-51.93,-49.214,-48.968,-52.622,-50.489,-51.567,-50.572,-53.83,-55.404,-48.087,-51.344,-50.943,-49.444,-51.179,-51.642,-48.89,-50.105,-49.5,-51.159,-51.601,-54.72,-49.558,-53.613,-51.395,-48.731,-49.7,-53.191,-51.368,-50.486,-53.521,-50.555,-52.236,-51.068,-51.001,-52.872,-52.949,-51.944,-49.628,-57.945,-49.618,-51.514,-49.75,-50.903,-50.281,-50.473,-49.189,-50.793,-53.438,-51.938,-56.807,-48.561,-51.141,-49.17,-51.455,-48.651,-52.408,-51.672,-51.33,-52.682,-47.69,-51.842,-52.257,-52.693,-51.278,-50.802,-100,-54.592,-50.693,-50.741,-52.981,-58.467,-49.291,-49.813,-55.514,-49.017,-50.57,-49.687,-100,-56.647,-48.369,-49.197,-53.89,-52.423,-50.681,-53.445,-48.302,-51.5,-50.654,-49.714,-48.538,-54.674,-53.322,-54.841,-48.734,-49.427,-51.714,-55.369,-52.736,-51.552,-54.513,-50.211,-55.653,-50.936,-54.228,-55.535,-52.071,-48.944,-54.834,-51.578,-49.892,-51.327,-51.824,-51.298,-55.745,-49.302,-49.41,-50.777,-50.432,-51.913,-51.089,-50.483,-50.165,-50.037,-49.313,-48.469,-52.253,-51.425,-51.956,-51.916,-48.709,-54.726,-51.049,-53.751,-51.73,-49.866,-50.738,-51.428,-50.817,-50.723,-100,-52.567,-50.516,-50.164,-53.068,-50.011,-50.22,-54.416,-50.742,-50.83,-49.054,-48.698,-51.975,-53.999,-51.399,-56.146,-48.829,-49.151,-51.011,-48.965,-49.951,-52.963,-51.377,-56.239,-49.346,-53.233,-53.145,-52.343,-51.865,-51.801,-50.15,-50.55,-52.401,-51.436,-50.976,-55.118,-52.865,-52.533,-52.205,-53.957,-51.355,-50.519,-54.213,-50.732,-57.56,-48.838,-49.441,-53.71,-53.407,-52.634,-52.479,-55.61,-48.621,-50.408,-50.425,-48.695,-51.578,-52.195,-52.118,-50.32,-49.179,-53.182,-50.515,-51.143,-57.147,-53.388,-51.037,-52.24,-51.9,-52.415,-53.923,-55.663,-50.484,-50.808,-51.101,-50.66,-49.578,-56.819,-56.036,-51.899,-53.454,-48.798,-50.064,-54.635,-51.065,-54.682,-51.248,-50.407,-50.877,-53.802,-49.659,-52.999,-52.838,-51.409,-50.138,-51.214,-55.671,-51.71,-53.297,-51.398,-51.539,-51.894,-52.335,-51.874,-50.643,-53.392,-55.06,-51.133,-52.793,-51.045,-53.18,-49.626,-52.205,-53.579,-53.877,-50.113,-51.499,-49.88,-50.901,-50.698,-55.96,-51.086,-51.537,-52.707,-52.575,-49.478,-50.3,-55.044,-53.434,-53.785,-50.612,-52.154,-52.412,-49.803,-54.78,-52.651,-51.353,-51.013,-51.384,-50.49,-53.111,-55.064,-55.3,-55.041,-52.487,-51.414,-49.768,-54.764,-54.652,-51.629,-52.315,-55.014,-49.284,-53.704,-51.976,-55.027,-53.361,-52.009,-51.04,-53.569,-48.05,-49.904,-54.797,-54.589,-52.455,-49.615,-53.175,-50.601,-50.86,-52.497
-52.331,-50.718,-49.881,-57.275,-51.696,-52.678,-55.75,-50.612,-48.737,-48.613,-49.354,-51.804,-49.519,-52.949,-49.503,-51.094,-50.423,-50.748,-54.65,-51.841,-53.263,-45.685,-45.847,-46.824,-50.341,-47.395,-52.604,-51.027,-47.79,-52.845,-50.871,-48.978,-52.369,-54.308,-59.678,-51.162,-50.067,-48.812,-52.753,-54.214,-52.556,-54.722,-50.809,-48.652,-48.469,-48.783,-52.132,-48.394,-51.069,-49.244,-51.257,-50.165,-51.144,-53.064,-53.336,-55.856,-45.734,-45.676,-46.885,-49.509,-47.033,-54.286,-53.073,-47.62,-49.647,-51.246,-49.8,-51.07,-53.426,-55.881,-53.039,-50.042,-48.871,-52.339,-51.084,-53.036,-55.454,-51.411,-49.545,-48.722,-51.311,-50.603,-49.71,-54.262,-50.032,-53.13,-50.943,-55.216,-51.773,-52.121,-52.905,-46.07,-45.8,-47.261,-50.427,-46.875,-54.518,-53.749,-46.878,-48.693,-51.302,-53.8,-49.325,-53.618,-57.856,-51.091,-50.138,-49.325,-50.401,-50.572,-51.738,-55.621,-52.572,-53.26,-48.256,-52.321,-50.035,-50.527,-50.979,-49.343,-50.78,-50.595,-50.123,-53.786,-51.979,-51.846,-46.191,-46.311,-49.496,-49.961,-49.564,-54.878,-52.66,-46.794,-48.463,-50.794,-49.849,-49.851,-54.97,-54.3,-53.723,-50.588,-49.055,-50.99,-52.812,-52.066,-56.144,-49.859,-55.743,-50.742,-49.237,-51.879,-51.054,-53.176,-49.273,-50.634,-51.439,-49.845,-53.7,-53.019,-57.178,-46.442,-46.271,-47.188,-50.713,-49.273,-52.332,-57.03,-47.05,-49.127,-51.661,-49.853,-50.235,-57.003,-57.455,-54.33,-49.94,-48.722,-53.288,-51.178,-55.789,-52.93,-49.615,-50.171,-50.57,-49.018,-52.308,-54.152,-51.051,-48.545,-49.991,-51.859,-51.346,-57.032,-50.695,-56.466,-47.519,-46.357,-46.634,-48.66,-48.36,-51.742,-54.945,-47.617,-50.418,-50.986,-51.895,-50.452,-53.766,-100,-50.089,-49.596,-48.968,-50.268,-54.089,-55.196,-51.807,-49.417,-51.224,-50.15,-53.837,-52.59,-51.246,-52.004,-49.714,-49.704,-52.017,-51.885,-50.934,-52.022,-56.58,-47.359,-49.244,-47.054,-48.807,-48.7,-51.395,-54.859,-48.749,-51.043,-50.541,-51.928,-50.498,-54.918,-54.665,-50.934,-49.712,-48.666,-49.959,-50.949,-58.01,-56.428,-51.529,-51.431,-49.79,-50.106,-52.156,-51.051,-51.448,-49.433,-49.895,-52.06,-52.651,-52.086,-51.143,-55.027,-47.215,-47.205,-48.748,-49.287,-48.85,-51.588,-57.496,-49.611,-50.812,-50.609,-54.084,-53.561,-54.671,-100,-51.004,-50.776,-48.834,-49.399,-55.135,-56.774,-55.398,-50.743,-50.05,-49.276,-49.884,-49.48,-51.488,-51.656,-49.392,-50.701,-51.292,-52.07,-51.715,-50.242,-53.374,-47.128,-48.167,-49.609,-49.455,-50.004,-51.768,-54.019,-49.201,-50.394,-52.484,-50.077,-54.532,-53.88,-54.721,-49.27,-50.99,-49.117,-49.619,-50.022,-55.28,-56.953,-50.247,-51.738,-49.253,-49.944,-49.931,-51.83,-53.8,-49.301,-49.129,-50.395,-52.056,-50.529,-49.587,-56.322,-47.158,-48.108,-50.832,-50.042,-49.783,-49.626,-53.96,-49.332,-51.202,-52.08,-55.064,-54.775,-54.891,-54.279,-48.756,-50.304,-49.376,-49.991,-53.678,-57.439,-54.974,-50.224,-51.326,-49.188,-49.413,-49.907,-51.085,-53.284,-50.065,-48.414,-49.054,-51.216,-50.736,-49.026,-52.567,-47.214,-47.373,-48.57,-49.023,-49.704,-49.284,-52.769,-49.929,-53.331,-53.674,-50.222,-49.605,-53.539,-54.588,-51.036,-49.838,-49.577,-50.002,-51.284,-53.767,-58.109,-53.126,-49.956,-49.714,-50.036,-49.49,-52.98,-54.408,-49.66,-48.266,-47.957,-50.972,-51.643,-49.335,-51.489,-47.741,-47.49,-48.141,-49.497,-50.838,-49.661,-54.057,-50.562,-51.576,-52.398,-52.754,-53.592,-53.956,-52.049,-49.484,-51.765,-51.249,-49.596,-51.184,-54.543,-53.578,-53.297,-49.717,-49.828,-50.591,-48.877,-52.292,-53.058,-49.817,-48.855,-47.56,-50.306,-52.394,-50.807,-50.54,-47.795,-46.755,-47.922,-49.756,-50.775,-50.44,-52.136,-50.249,-50.528,-52.026,-53.425,-52.586,-51.755,-52.241,-51.276,-52.21,-52.358,-49.538,-52.439,-53.423,-53.578,-53.78,-50.536,-48.817,-50.06,-49.463,-49.773,-52.701,-49.575,-48.855,-47.869,-50.431,-50.213,-49.992,-53.534,-47.386,-46.582,-47.803,-49.891,-54.245,-49.725,-51.602,-50.999,-49.976,-52.543,-52.061,-54.156,-51.409,-53.037,-51.43,-52.858,-51.101,-48.766,-51.562,-55.183,-57.397,-54.185,-50.243,-48.977,-49.651,-49.466,-50.726,-53.41,-49.546,-49.589,-48.107,-50.384,-49.615,-50.806,-49.769,-47.654,-46.57,-47.901,-49.765,-50.715,-52.419,-50.101,-51.656,-49.958,-54.019,-52.461,-51.631,-50.681,-50.95
-44.409,-44.84,-42.356,-42.854,-41.939,-42.425,-41.579,-41.195,-43.86,-39.956,-41.79,-39.489,-40.937,-46.764,-41.331,-41.57,-40.033,-42.6,-41.478,-40.417,-45.576,-38.331,-39.137,-39.349,-44.186,-44.768,-44.21,-42.822,-44.073,-42.218,-43.855,-41.06,-42.611,-45.478,-44.676,-43.846,-100,-41.418,-46.171,-40.734,-100,-43.625,-41.219,-42.388,-48.276,-39.253,-38.989,-42.562,-44.423,-38.59,-44.56,-42.384,-39.442,-39.511,-43.63,-43.031,-39.579,-37.679,-40.719,-42.791,-47.168,-49.789,-43.056,-39.498,-44.736,-43.295,-42.459,-44.98,-45.182,-46.234,-45.423,-40.453,-40.444,-39.472,-39.592,-42.302,-42.618,-41.259,-42.127,-40.757,-38.914,-38.674,-43.763,-41.983,-40.757,-38.823,-40.78,-38.603,-41.155,-41.336,-41.551,-40.221,-43.306,-42.283,-40.838,-40.891,-43.431,-42.967,-38.265,-39.748,-43.855,-44.611,-47.433,-41.589,-45.234,-44.277,-43.65,-41.498,-40.781,-40.949,-100,-39.782,-41.803,-41.095,-41.521,-38.454,-39.077,-40.96,-44.147,-36.826,-42.218,-38.829,-41.941,-42.518,-41.15,-44.141,-42.268,-43.017,-41.442,-47.193,-39.125,-42.049,-46.106,-41.406,-42.673,-42.844,-44.01,-42.582,-41.568,-44.727,-40.725,-41.68,-40.517,-45.042,-43.548,-44.775,-39.491,-45.537,-40.44,-46.306,-42.492,-40.999,-41.724,-42.913,-37.107,-42.189,-39.059,-42.433,-43.7,-43.624,-46.642,-43.494,-40.64,-39.933,-40.708,-41.005,-41.99,-43.699,-39.489,-42.006,-47.032,-40.22,-42.751,-40.625,-41.427,-38.956,-41.065,-40.117,-40.276,-40.89,-40.815,-40.84,-44.828,-40.413,-42.311,-40.277,-42.071,-40.509,-44.611,-37.844,-40.266,-39.603,-45.525,-42.29,-42.158,-43.882,-47.604,-41.66,-39.057,-42.001,-37.618,-42.001,-42.049,-43.217,-43.135,-42.317,-40.018,-45.85,-43.246,-42.272,-39.421,-46.282,-45.609,-45.856,-42.64,-44.001,-49.407,-43.572,-42.118,-42.068,-43.929,-45.186,-41.775,-45.357,-39.151,-43.594,-100,-40.382,-41.959,-43.672,-43.838,-42.754,-41.899,-43.526,-41.847,-40.207,-41.885,-43.331,-41.179,-45.584,-42.665,-41.503,-43.984,-40.767,-41.146,-41.693,-40.854,-42.782,-41.625,-40.625,-100,-41.598,-42.735,-41.505,-43.717,-44.456,-43.244,-41.138,-50.057,-40.848,-39.4,-42,-43.139,-44.038,-40.979,-44.65,-39.432,-42.301,-43.348,-41.63,-40.409,-41.176,-44.457,-41.311,-45.95,-44.003,-42.342,-42.449,-41.913,-43.708,-41.074,-39.857,-41.7,-44.049,-43.376,-44.897,-50.827,-42.155,-41.808,-47.352,-43.977,-42.125,-39.804,-47.15,-38.56,-37.456,-40.316,-44.891,-43.135,-48.948,-43.941,-41.719,-42.149,-39.193,-43.059,-42.655,-40.96,-45.701,-41.513,-41.925,-43.238,-40.704,-39.963,-39.913,-41.534,-42.878,-41.194,-42.085,-44.322,-41.573,-42.106,-41.74,-43.636,-43.67,-43.212,-43.125,-42.435,-41.469,-44.109,-40.227,-39.399,-48.25,-44.558,-43.265,-45.193,-43.274,-38.939,-43.57,-43.244,-42.412,-39.778,-42.767,-100,-42.08,-41.966,-43.362,-41.608,-40.487,-42.276,-41.927,-42.245,-39.215,-40.328,-44.634,-43.14,-45.762,-44.145,-40.58,-41.586,-42.485,-42.14,-48.157,-44.691,-46.329,-38.831,-42.559,-41.546,-41.531,-41.855,-40.554,-43.077,-41.958,-41.359,-40.027,-42.672,-40.676,-45.051,-43.314,-41.819,-40.174,-40.708,-43.805,-40.177,-41.308,-40.971,-40.05,-38.387,-44.276,-44.887,-43.554,-45.848,-42.68,-45.736,-41.293,-43.452,-43.224,-42.093,-44.359,-42.072,-41.606,-100,-40.555,-44.485,-43.123,-41.456,-40.72,-44,-40.594,-41.175,-43.386,-42.848,-46.911,-44.537,-40.135,-42.126,-45.1,-100,-39.103,-43.762,-41.306,-40.236,-41.439,-42.374,-43.242,-47.581,-40.983,-42.927,-43.272,-44.74,-44.276,-42.172,-42.79,-40.886,-43.283,-41.42,-41.3,-38.941,-39.152,-42.871,-49.873,-39.336,-42.996,-38.115,-39.746,-38.182,-41.15,-43.238,-43.957,-41.758,-39.744,-42.285,-43.133,-39.141,-39.929,-41.384,-42.091,-43.496,-44.146,-42.927,-43.624,-46.752,-43.669,-42.674,-40.271,-39.934,-44.374,-43.518,-38.049,-40.15,-43.452,-41.791,-38.96,-40.577,-46.868,-41.994,-40.063,-41.485,-40.256,-38.962,-40.071,-47.056,-43.863,-44.307,-44.072,-42.932,-43.896,-41.792,-42.234,-41.379,-40.529,-43.04,-41.097,-40.519,-44.75,-41.372,-41.837,-40.882,-43.425,-42.829,-44.975,-45.058,-41.705,-40.561,-42.998,-40.255,-42.392,-41.504,-41.114,-42.925,-40.594,-41.085,-40.482,-42.216,-39.707,-42.023,-42.984,-46.565,-48.96,-44.909,-43.885,-44.251,-42.821,-41.969,-39.589,-41.179
-45.581,-40.837,-42.124,-42.475,-42.903,-42.652,-40.554,-41.318,-43.258,-42.167,-43.922,-48.948,-42.142,-44.267,-39.016,-41.084,-42.148,-42.102,-46.784,-42.511,-51.38,-38.96,-38.403,-41.239,-42.161,-43.846,-45.591,-43.196,-39.518,-43.298,-45.665,-48.687,-41.388,-45.042,-44.509,-43.631,-41.91,-42.013,-41.983,-43.713,-42.811,-41.216,-40.487,-41.981,-39.846,-41.248,-39.796,-38.512,-40.985,-39.831,-42.53,-41.837,-41.551,-43.31,-42.64,-45.034,-38.305,-38.663,-43.09,-41.779,-44.754,-42.216,-53.76,-40.51,-43.727,-42.675,-45.865,-41.259,-47.192,-43.869,-43.1,-40.24,-42.692,-40.29,-46.133,-43.419,-40.67,-42.152,-42.719,-41.995,-42.201,-43.15,-41.631,-46.482,-38.86,-41.037,-40.158,-42.152,-41.237,-42.818,-44.704,-42.276,-39.946,-43.054,-40.943,-42.651,-42.982,-44.3,-38.822,-39.655,-45.259,-41.867,-46.681,-41.77,-47.55,-42.215,-44.952,-44.387,-39.984,-44.417,-45.196,-40.564,-39.636,-45.507,-40.678,-41.709,-43.734,-47.469,-44.749,-40.403,-42.551,-41.458,-41.767,-45.073,-40.165,-45.472,-40.777,-40.419,-46.035,-41.703,-39.177,-41.295,-44.652,-39.302,-42.677,-45.269,-41.752,-43.139,-41.425,-43.381,-44.386,-41.308,-44.987,-40.228,-44.786,-45.463,-42.287,-42.077,-42.81,-45.441,-41.25,-43.646,-44.696,-43.965,-40.428,-43.285,-41.304,-41.258,-41.007,-46.305,-42.682,-42.097,-42.218,-40.477,-40.898,-39.878,-43.193,-41.456,-41.308,-40.273,-47.288,-41.983,-42.665,-42.917,-44.162,-43.514,-42.341,-43.623,-39.12,-39.788,-41.876,-42.731,-44.553,-43.777,-42.898,-40.682,-45.395,-43.087,-46.588,-41.226,-39.271,-37.899,-39.765,-38.913,-45.01,-45.252,-40.318,-39.248,-41.282,-41.257,-38.975,-43.11,-40.779,-40.839,-42.146,-42.938,-42.074,-40.899,-49.917,-45.04,-41.985,-43.922,-44.827,-45.594,-41.866,-42.621,-50.222,-44.216,-40.962,-42.374,-42.546,-44.269,-43.599,-44.005,-38.875,-37.664,-44.617,-45.382,-41.053,-43.096,-43.262,-38.155,-44.513,-42.5,-41.491,-37.65,-42.548,-43.227,-42.445,-40.182,-42.031,-42.857,-39.204,-42.154,-45.372,-45.901,-44.226,-43.924,-42.509,-42.108,-43.381,-42.074,-41.838,-41.019,-41.066,-45.797,-44.147,-45.208,-41.865,-39.918,-35.942,-40.206,-45.017,-40.255,-42.469,-43.598,-39.185,-38.922,-40.534,-42.367,-43.054,-39.052,-43.124,-41.117,-39.454,-43.952,-38.204,-42.12,-43.717,-52.853,-42.35,-42.416,-44.555,-46.935,-45.803,-46.963,-43.95,-42.288,-44.043,-39.554,-48.498,-43.321,-45.457,-42.5,-38.207,-40.431,-41.98,-42.328,-41.258,-40.992,-42.217,-36.9,-44.214,-44.223,-41.53,-40.86,-41.197,-41.439,-41.93,-37.341,-49.241,-41.413,-41.596,-42.221,-39.935,-41.756,-45.231,-41.782,-48.903,-48.839,-43.222,-42.263,-38.844,-43.827,-41.713,-42.032,-42.598,-46.233,-44.762,-40.169,-42.697,-44.104,-46.996,-44.304,-38.766,-44.508,-43.432,-39.559,-42.881,-43.519,-41.976,-40.348,-42.025,-42.196,-41.1,-43.192,-43.463,-38.777,-41.307,-40.765,-42.377,-41.742,-44.566,-42.719,-47.726,-42.999,-43.258,-40.32,-39.169,-42.598,-39.763,-43.472,-42.008,-43.947,-42.862,-36.878,-37.769,-42.383,-42.953,-41.632,-42.441,-38.578,-35.63,-42.803,-41.443,-41.539,-41.626,-47.958,-43.566,-42.729,-48.947,-42.304,-40.858,-40.509,-41.557,-43.527,-43.68,-43.085,-46.415,-42.049,-41.527,-44.344,-44.461,-47.326,-43.54,-47.356,-43.791,-40.213,-43.994,-42.719,-38.151,-38.876,-41.756,-43.027,-38.634,-45.064,-42.115,-37.588,-42.002,-39.257,-38.401,-44.356,-43.162,-48.59,-41.904,-39.315,-41.32,-39.783,-40.644,-41.704,-38.923,-39.81,-43.812,-44.563,-43.907,-46.46,-43.379,-42.969,-41.277,-39.821,-46.253,-39.321,-42.306,-44.425,-41.797,-39.378,-39.619,-43.639,-42.946,-42.671,-44.097,-44.088,-39.325,-46.612,-42.364,-46.952,-40.996,-41.672,-43.684,-41.273,-45.374,-42.85,-41.491,-41.723,-43.608,-40.667,-38.785,-40.716,-44.883,-43.448,-45.242,-40.172,-43.514,-43.445,-40.324,-42.741,-39.478,-42.252,-44.856,-40.705,-39.125,-42.722,-41.937,-42.687,-41.573,-38.894,-43.492,-40.389,-40.576,-41.963,-44.002,-43.179,-41.911,-44.126,-41.345,-44.978,-41.853,-42.406,-44.707,-42.329,-40.818,-42.114,-46.356,-46.583,-41.068,-47.907,-43.49,-43.218,-41.296,-41.906,-41.637,-41.538,-46.15,-44.92,-43.497,-45.93,-41.67,-44.037,-48.464,-42.697,-45.009,-41.984,-40.65,-37.64,-43.838,-41.148,-44.514,-40.843,-38.965,-39.36,-42.051,-43.843,-41.807,-42.461,-41.41
-43.111,-45.087,-43.765,-41.039,-39.505,-43.396,-43.819,-45.784,-43.299,-45.16,-40.119,-43.28,-44.707,-46.702,-47.21,-45.391,-39.753,-43.142,-40.694,-42.517,-46.415,-43.192,-42.585,-41.408,-44.055,-45.476,-43.909,-41.927,-40.088,-42.604,-45.846,-43.725,-47.566,-43.784,-53.278,-44.188,-46.934,-44.314,-43.883,-43.222,-44.806,-46.713,-45.549,-44.063,-46.457,-52.428,-100,-43.756,-47.902,-40.763,-46.118,-42.862,-40.632,-40.441,-44.215,-46.169,-42.181,-49.346,-42.652,-43.853,-45.005,-43.605,-43.768,-41.222,-46.362,-45.031,-40.639,-46.481,-44.527,-46.671,-42,-47.367,-45.231,-43.387,-42.221,-44.955,-43.042,-43.486,-43.319,-41.486,-44.219,-43.234,-43.739,-44.642,-43.247,-43.341,-42.304,-40.816,-41.28,-42.021,-47.242,-39.647,-43.631,-46.859,-44.765,-43.591,-50.766,-44.33,-40.819,-44.936,-47.756,-45.992,-45.658,-44.984,-51.671,-44.039,-44.018,-43.679,-43.888,-41.62,-41.776,-44.171,-44.549,-45.4,-43.452,-100,-43.433,-41.679,-45.151,-41.234,-43.424,-38.866,-41.06,-44.328,-43.379,-45.985,-47.403,-42.98,-40.825,-44.141,-42.825,-41.742,-45.389,-43.051,-43.948,-48.126,-41.865,-45.834,-46.707,-54.215,-44.304,-52.743,-42.304,-45.389,-43.108,-48.808,-43.643,-43.416,-43.999,-41.289,-43.382,-43.315,-42.795,-45.834,-41.833,-44.905,-46.969,-43.272,-41.973,-42.259,-42.145,-44.095,-43.346,-48.224,-43.366,-43.051,-40.591,-48.105,-43.096,-41.962,-47.131,-40.42,-49.978,-43.445,-43.534,-44.124,-43.658,-43.171,-42.198,-45.4,-40.662,-43.253,-43.913,-44.776,-42.465,-44.696,-43.823,-42.402,-44.357,-41.777,-43.758,-41.653,-38.947,-43.864,-41.146,-45.008,-43.954,-41.519,-41.716,-41.132,-100,-40.665,-47.816,-44.34,-41.834,-44.307,-43.619,-46.781,-42.405,-42.33,-45.044,-45.769,-44.656,-44.987,-46.551,-41.214,-43.958,-42.447,-47.387,-41.797,-43.555,-42.546,-45.292,-45.284,-43.577,-51.951,-44.465,-42.143,-43.846,-42.59,-47.763,-100,-39.702,-41.496,-41.522,-41.99,-45.148,-43.642,-40.588,-42.417,-48.403,-42.87,-42.42,-40.622,-41.495,-45.717,-46.535,-43.216,-42.209,-44.404,-42.498,-48.521,-45.778,-40.902,-44.65,-42.894,-44.438,-45.895,-46.513,-40.454,-42.165,-43.215,-39.646,-39.796,-39.916,-48.163,-43.47,-43.456,-43.566,-46.105,-46.341,-42.339,-44.046,-47.034,-45.387,-49.114,-47.203,-43.744,-43.777,-43.782,-49.492,-46.018,-43.554,-49.564,-47.203,-43.205,-44.042,-43.945,-44.182,-42.896,-43.889,-46.189,-44.547,-43.505,-41.769,-40.777,-42.794,-41.382,-41.637,-45.12,-45.866,-43.13,-43.433,-44.15,-40.596,-42.346,-46.47,-42.366,-39.832,-40.028,-45.229,-41.703,-42.564,-42.217,-42.048,-43.23,-45.262,-44.418,-45.359,-45.113,-43.337,-44.518,-42.867,-100,-46.113,-44.393,-42.592,-43.641,-44.494,-43.074,-43.082,-47.253,-43.344,-40.851,-47.559,-45.385,-40.449,-42.428,-42.832,-45.483,-45.321,-44.383,-45.48,-46.91,-43.312,-41.782,-44.991,-39.405,-50.201,-44.046,-42.468,-52.111,-46.219,-45.496,-41.433,-44.182,-46.079,-43.855,-39.168,-45.603,-41.821,-44.498,-41.06,-44.375,-48.025,-48.53,-41.716,-41.269,-46.462,-44.681,-45.012,-100,-47.438,-41.098,-47.157,-42.768,-42.909,-41.743,-41.198,-41.905,-41.369,-45.254,-40.051,-43.535,-44.098,-47.209,-43.328,-45.556,-44.809,-44.286,-44.657,-45.638,-45.804,-41.22,-45.494,-44.825,-43.479,-42.287,-45.163,-48.806,-43.156,-41.083,-40.29,-41.79,-42.259,-43.801,-42.318,-42.541,-42.151,-45.641,-40.942,-43.415,-41.33,-43.903,-41.798,-42.619,-46.065,-45.089,-42.129,-42.695,-42.981,-44.02,-44.965,-41.939,-41.617,-42.562,-48.096,-45.728,-40.291,-45.081,-40.241,-42.079,-43.572,-100,-38.453,-43.986,-41.649,-44.551,-39.766,-43.524,-41.867,-43.224,-43.603,-41.388,-45.33,-41.982,-43.575,-43.98,-41.93,-49.57,-46.49,-45.101,-41.533,-39.133,-51.96,-41.645,-44.025,-49.406,-41.334,-44.794,-47.758,-44.954,-43.352,-42.924,-49.952,-43.408,-44.218,-45.091,-44.84,-47.608,-44.656,-41.71,-42.16,-100,-43.564,-41.017,-44.326,-42.238,-45.436,-42.783,-44.281,-45.772,-45.546,-47.057,-40.87,-43.291,-45.681,-43.859,-43.13,-43.103,-39.375,-43.136,-44.395,-44.913,-41.036,-43.404,-46.465,-42.791,-41.277,-46.971,-40.728,-49.63,-42.717,-42.846,-38.53,-42.244,-44.31,-41.854,-41.492,-40.183,-42.204,-42.342,-40.526,-44.138,-41.252,-41.74,-42.397,-46.963,-43.255,-41.125,-41.606,-42.629,-43.29,-39.218,-43.571
-43.509,-47.783,-42.198,-40.117,-46.591,-41.407,-50.709,-43.923,-43.383,-45.034,-41.257,-44.726,-43.061,-44.39,-41.193,-44.066,-42.484,-41.091,-40.613,-44.835,-45.993,-44.075,-44.627,-41.549,-43.472,-42.449,-43.195,-40.509,-40.23,-43.149,-44.931,-42.818,-43.924,-43.578,-45.106,-46.891,-45.644,-42.586,-42.693,-44.288,-43.383,-46.979,-42.649,-44.52,-45.257,-45.113,-41.542,-44.91,-45.489,-41.162,-42.652,-44.532,-40.89,-41.626,-45.821,-51.007,-41.615,-48.487,-42.143,-44.471,-47.536,-43.805,-42.203,-42.848,-44.275,-48.214,-40.069,-45.351,-44.664,-46.198,-41.938,-44.268,-43.364,-41.932,-42.749,-42.002,-45.104,-43.673,-46.466,-49.511,-45.037,-45.488,-46.42,-43.236,-46.14,-39.936,-44.286,-42.35,-41.81,-41.472,-41.163,-40.472,-44.437,-46.688,-42.946,-42.244,-40.358,-43.175,-41.598,-43.601,-45.324,-44.432,-45.249,-46.799,-42.137,-41.769,-44.842,-43.553,-42.618,-41.062,-42.258,-44.852,-44.85,-44.198,-45.486,-44.181,-51.804,-42.093,-43.11,-51.045,-41.806,-40.545,-42.259,-47.403,-44.089,-47.527,-40.036,-46.349,-43.882,-42.43,-41.087,-43.618,-45.819,-42.992,-43.68,-45.733,-42.549,-43.186,-43.687,-44.152,-44.103,-43.705,-43.615,-42.791,-46.456,-46.686,-43.722,-45.162,-44.176,-44.135,-44.515,-51.818,-43.887,-44.947,-43.24,-42.972,-48.764,-41.93,-43.828,-43.289,-43.17,-43.488,-44.762,-48.19,-42.314,-40.823,-43.459,-44.031,-43.176,-41.552,-41.586,-43.3,-42.573,-42.912,-42.722,-42.278,-100,-42.644,-41.815,-47.373,-41.214,-42.434,-42.654,-43.341,-46.597,-42.665,-44,-42.216,-43.953,-43.243,-41.047,-43.31,-39.728,-42.149,-42.795,-46.664,-42.525,-44.506,-43.566,-40.207,-42.811,-41.973,-41.88,-42.464,-42.586,-40.968,-43.35,-44.806,-42.736,-41.247,-44.618,-47.855,-44.834,-43.021,-45.368,-41.939,-41.667,-43.803,-47.154,-44.15,-44.661,-42.956,-49.769,-47.638,-46.488,-44.452,-45.63,-100,-44.161,-47.35,-46.96,-48.76,-41.383,-43.701,-44.495,-40.045,-45.566,-43.816,-40.887,-41.38,-42.589,-44.465,-41.628,-43.766,-100,-43.74,-46.871,-44.144,-41.134,-44.256,-43.705,-43.679,-41.895,-42.701,-43.378,-43.889,-46.004,-44.907,-54.594,-45.056,-41.595,-45.311,-41.54,-41.648,-40.8,-46.266,-44.855,-41.18,-45.372,-45.855,-43.16,-42.324,-45.163,-41.561,-45.77,-43.636,-48.81,-43.901,-43.401,-41.502,-43.116,-45.838,-44.954,-48.016,-45.524,-43.528,-44.274,-43.232,-44.016,-45.52,-46.833,-50.486,-42.013,-45.171,-46.838,-41.32,-45.063,-41.23,-41.886,-48.6,-45.627,-40.942,-49.096,-45.184,-40.258,-41.263,-45.96,-43.27,-41.629,-40.412,-42.702,-42.617,-41.006,-44.827,-43.829,-42.253,-45.995,-44.909,-44.108,-44.909,-42.878,-43.156,-41.521,-44.766,-42.027,-47.588,-45.004,-41.777,-44.983,-44.777,-46.959,-48.105,-43.214,-42.881,-47.468,-47.416,-39.817,-40.551,-43.078,-44.171,-43.952,-44.708,-52.396,-45.695,-42.28,-42.359,-43.382,-41.248,-46.057,-48.71,-41.13,-45.178,-50.68,-42.031,-41.42,-44.957,-45.335,-45.16,-41.394,-44.613,-44.503,-50.496,-100,-45.122,-41.333,-41.418,-50.864,-43.411,-44.489,-43.911,-43.874,-42.182,-44.17,-39.472,-43.138,-41.326,-43.305,-41.342,-43.634,-42.159,-100,-43.681,-41.669,-44.477,-46.229,-44.779,-42.31,-47.547,-43.423,-45.197,-44.167,-45.762,-46.974,-50.458,-46.562,-45.444,-44.436,-41.554,-44.768,-41.953,-43.606,-41.951,-43.607,-44.102,-39.58,-46.062,-43.09,-41.012,-49.841,-45.245,-41.51,-42.947,-53.221,-42.629,-41.527,-40.134,-46.734,-43.566,-44.578,-43.383,-43.303,-52.153,-45.914,-41.845,-41.386,-44.311,-49.706,-46.109,-41.617,-44.596,-41.985,-42.899,-45.981,-46.147,-52.144,-43.976,-51.181,-44.301,-41.62,-41.964,-42.81,-40.938,-42.491,-42.495,-44.977,-42.975,-43.652,-44.339,-49.795,-43.324,-43.594,-42.569,-44.293,-40.161,-42.58,-40.337,-43.367,-45.41,-41.199,-45.746,-48.675,-47.33,-43.825,-45.112,-45.163,-44.688,-45.532,-43.32,-43.252,-41.728,-45.789,-43.011,-42.962,-42.955,-41.125,-41,-43.898,-41.72,-42.845,-44.297,-43.902,-47.054,-45.118,-45.499,-42.905,-43.417,-42.464,-43.969,-43.518,-43.16,-41.501,-41.019,-45.602,-46.794,-42.088,-53.361,-48.034,-45.057,-40.035,-48.284,-44.701,-45.092,-43.906,-39.459,-40.774,-41.781,-45.795,-42.028,-42.384,-40.769,-43.298,-42.934,-40.483,-51.003,-44.717,-42.999,-42.769,-42.344,-43.279,-45.207,-41.267,-40.607,-45.663,-40.889,-46.312
-44.763,-47.257,-45.285,-54.805,-46.709,-42.554,-49.73,-45,-44.93,-42.765,-42.289,-44.859,-43.188,-45.429,-45.47,-43.718,-42.045,-41.976,-44.838,-44,-45.364,-41.432,-43.772,-45.601,-46.725,-40.726,-43.962,-53.731,-41.01,-49.839,-42.642,-42.871,-46.602,-44.516,-42.954,-45.516,-47.967,-44.766,-45.854,-44.989,-44.257,-46.038,-45.995,-50.583,-45.697,-44.116,-41.54,-45.973,-44.792,-45.591,-45.621,-46.655,-43.333,-43.387,-44.383,-44.89,-40.976,-43.049,-45.374,-45.608,-43.135,-43.636,-43.502,-43.994,-51.2,-44.868,-39.543,-47.044,-43.463,-44.195,-43.066,-46.369,-44.957,-43.651,-43.771,-45.462,-43.107,-59.481,-46.005,-42.227,-44.75,-43.032,-45.6,-44.453,-43.492,-40.267,-48.502,-40.441,-43.33,-42.972,-41.712,-41.298,-43.181,-47.449,-43.28,-41.308,-41.574,-43.249,-40.662,-44.379,-46.198,-43.493,-46.57,-45.314,-44.991,-44.419,-43.74,-43.971,-43.632,-45.922,-43.789,-43.904,-46.545,-43.842,-43.322,-44.979,-42.222,-41.279,-46.558,-40.618,-41.74,-41.749,-41.444,-44.666,-42.664,-43.401,-40.848,-42.719,-55.611,-44.76,-41.671,-43.422,-47.12,-42.802,-44.377,-46.534,-41.563,-44.753,-48.097,-45.676,-42.993,-44.907,-44.127,-44.048,-46.845,-49.651,-44.72,-49.398,-43.757,-42.635,-43.511,-43.952,-42.249,-47.661,-41.208,-45.748,-48.902,-42.883,-44.639,-42.005,-100,-41.911,-42.654,-45.801,-45.163,-38.622,-43.099,-43.866,-42.589,-50.505,-46.868,-44.185,-42.986,-43.645,-44.617,-42.266,-45.726,-41.902,-41.727,-46.196,-41.38,-42.39,-46.861,-44.093,-43.881,-44.28,-42.572,-44,-59.453,-39.808,-45.644,-47.904,-40.054,-43.714,-41.092,-44.021,-41.286,-44.086,-43.141,-43.723,-51.386,-44.221,-46.095,-43.02,-43.551,-43.881,-42.022,-43.854,-45.764,-42.43,-44.504,-47.986,-43.67,-44.888,-48.304,-44.908,-44.632,-46.297,-45.905,-45.585,-43.25,-43.115,-44.009,-46.094,-44.181,-45.002,-44.678,-44.867,-43.454,-43.5,-44.352,-41.816,-41.243,-42.303,-44.462,-40.259,-45.655,-43.863,-42.575,-41.456,-43.524,-41.868,-42.416,-44.026,-42.78,-43.759,-46.462,-45.405,-40.891,-43.918,-46.29,-47.245,-44.933,-46.32,-47.294,-42.238,-44.788,-53.349,-100,-40.93,-58.738,-43.625,-43.649,-42.257,-45.042,-45.02,-41.693,-40.958,-42.32,-53.299,-42.825,-41.032,-45.084,-40.936,-45.049,-45.367,-52.565,-45.414,-45.542,-43.845,-42.528,-44.441,-45.925,-49.332,-45.803,-45.09,-46.103,-44.671,-47.536,-44.75,-43.865,-46.201,-43.035,-43.224,-44.35,-43.388,-42.139,-44.673,-41.115,-46.867,-45.001,-40.881,-52.783,-45.092,-45.1,-43.73,-42.005,-45.697,-42.818,-41.464,-39.4,-43.786,-39.65,-41.789,-41.96,-44.358,-43.478,-44.11,-45.643,-46.612,-43.815,-42.808,-46.065,-45.529,-48.394,-46.162,-44.442,-43.081,-44.578,-44.965,-42.053,-44.771,-43.739,-48.637,-52.181,-45.558,-42.845,-38.829,-41.126,-43.379,-45.095,-43.542,-43.497,-50.104,-43.024,-41.859,-42.353,-42.533,-40.244,-43.839,-44.919,-42.193,-41.576,-47.786,-44.306,-43.649,-47.352,-45.576,-45.713,-44.438,-46.176,-44.743,-45.922,-43.662,-49.882,-42.203,-43.754,-40.816,-45.877,-45.78,-47.362,-43.851,-41.41,-43.346,-40.618,-52.02,-42.478,-43.789,-41.806,-42.355,-41.015,-45.474,-43.709,-39.272,-43.132,-42.563,-45.851,-42.456,-49.413,-44.906,-47.269,-46.454,-49.071,-47.072,-48.489,-44.703,-44.266,-42.989,-44.428,-45.669,-43.657,-44.95,-40.224,-42.303,-44.416,-41.7,-100,-49.716,-40.149,-42.823,-45.419,-41.677,-44.822,-41.69,-43.24,-41.918,-43.658,-45.925,-42.602,-52.748,-53.218,-100,-42.026,-47.13,-43.084,-44.65,-44.293,-49.175,-44.239,-44.308,-43.288,-42.937,-41.076,-43.318,-44.906,-42.745,-43.407,-40.744,-42.519,-41.772,-44.055,-39.637,-42.96,-42.937,-42.555,-45.095,-45.865,-41.95,-46.029,-40.157,-39.237,-45.802,-45.074,-40.689,-38.039,-40.176,-40.739,-42.736,-46.14,-41.767,-44.184,-49.443,-42.719,-45.396,-45.812,-43.985,-46.663,-43.629,-42.82,-42.011,-42.586,-44.59,-42.85,-42.974,-44.161,-41.956,-39.591,-42.867,-42.118,-44.951,-43.616,-45.743,-43.989,-42.665,-43.97,-39.411,-44.129,-43.915,-42.355,-42.44,-41.291,-39.924,-100,-51.238,-47.883,-41.311,-47.975,-48.317,-45.784,-42.913,-100,-46.903,-42.94,-53.769,-41.803,-42.01,-40.075,-47.542,-41.829,-44.067,-40.951,-43.198,-49.69,-39.772,-43.683,-42.886,-43.153,-41.851,-44.513,-41.692,-41.694,-43.31,-41.265,-41.65,-39.707
